Rigol Technologies,Inc. Save analog waveform to excel files.
Vpp[V]:2.00E01,Period[S]:1.67E-02,Quantify:32,Data Dots:3600,Max Dots:3600,End:3599,Wave:1

X,Y[V]
1,6.10E-04
2,1.25E00
3,1.87E00
4,2.49E00
5,3.09E00
6,3.68E00
7,4.26E00
8,4.82E00
9,5.36E00
10,5.88E00
11,6.37E00
12,6.85E00
13,7.29E00
14,7.70E00
15,8.09E00
16,8.44E00
17,8.76E00
18,9.05E00
19,9.30E00
20,9.51E00
21,9.69E00
22,9.82E00
23,9.92E00
24,9.98E00
25,1.00E01
26,9.98E00
27,9.92E00
28,9.82E00
29,9.69E00
30,9.51E00
31,9.30E00
32,9.05E00
33,8.76E00
34,8.44E00
35,8.09E00
36,7.70E00
37,7.29E00
38,6.85E00
39,6.37E00
40,5.88E00
41,5.36E00
42,4.82E00
43,4.26E00
44,3.68E00
45,3.09E00
46,2.49E00
47,1.87E00
48,1.25E00
49,6.28E-01
50,6.10E-04
51,-6.28E-01
52,-1.25E00
53,-1.87E00
54,-2.49E00
55,-3.09E00
56,-3.68E00
57,-4.26E00
58,-4.82E00
59,-5.36E00
60,-5.88E00
61,-6.37E00
62,-6.85E00
63,-7.29E00
64,-7.70E00
65,-8.09E00
66,-8.44E00
67,-8.76E00
68,-9.05E00
69,-9.30E00
70,-9.51E00
71,-9.69E00
72,-9.82E00
73,-9.92E00
74,-9.98E00
75,-1.00E01
76,-9.98E00
77,-9.92E00
78,-9.82E00
79,-9.69E00
80,-9.51E00
81,-9.30E00
82,-9.05E00
83,-8.76E00
84,-8.44E00
85,-8.09E00
86,-7.70E00
87,-7.29E00
88,-6.85E00
89,-6.37E00
90,-5.88E00
91,-5.36E00
92,-4.82E00
93,-4.26E00
94,-3.68E00
95,-3.09E00
96,-2.49E00
97,-1.87E00
98,-1.25E00
99,-6.28E-01
100,6.10E-04
101,6.10E-04
102,6.10E-04
103,6.10E-04
104,6.10E-04
105,6.10E-04
106,6.10E-04
107,6.10E-04
108,6.10E-04
109,6.10E-04
110,6.10E-04
111,6.10E-04
112,6.10E-04
113,6.10E-04
114,6.10E-04
115,6.10E-04
116,6.10E-04
117,6.10E-04
118,6.10E-04
119,6.10E-04
120,6.10E-04
121,6.10E-04
122,6.10E-04
123,6.10E-04
124,6.10E-04
125,6.10E-04
126,6.10E-04
127,6.10E-04
128,6.10E-04
129,6.10E-04
130,6.10E-04
131,6.10E-04
132,6.10E-04
133,6.10E-04
134,6.10E-04
135,6.10E-04
136,6.10E-04
137,6.10E-04
138,6.10E-04
139,6.10E-04
140,6.10E-04
141,6.10E-04
142,6.10E-04
143,6.10E-04
144,6.10E-04
145,6.10E-04
146,6.10E-04
147,6.10E-04
148,6.10E-04
149,6.10E-04
150,6.10E-04
151,6.10E-04
152,6.10E-04
153,6.10E-04
154,6.10E-04
155,6.10E-04
156,6.10E-04
157,6.10E-04
158,6.10E-04
159,6.10E-04
160,6.10E-04
161,6.10E-04
162,6.10E-04
163,6.10E-04
164,6.10E-04
165,6.10E-04
166,6.10E-04
167,6.10E-04
168,6.10E-04
169,6.10E-04
170,6.10E-04
171,6.10E-04
172,6.10E-04
173,6.10E-04
174,6.10E-04
175,6.10E-04
176,6.10E-04
177,6.10E-04
178,6.10E-04
179,6.10E-04
180,6.10E-04
181,6.10E-04
182,6.10E-04
183,6.10E-04
184,6.10E-04
185,6.10E-04
186,6.10E-04
187,6.10E-04
188,6.10E-04
189,6.10E-04
190,6.10E-04
191,6.10E-04
192,6.10E-04
193,6.10E-04
194,6.10E-04
195,6.10E-04
196,6.10E-04
197,6.10E-04
198,6.10E-04
199,6.10E-04
200,6.10E-04
201,6.10E-04
202,6.10E-04
203,6.10E-04
204,6.10E-04
205,6.10E-04
206,6.10E-04
207,6.10E-04
208,6.10E-04
209,6.10E-04
210,6.10E-04
211,6.10E-04
212,6.10E-04
213,6.10E-04
214,6.10E-04
215,6.10E-04
216,6.10E-04
217,6.10E-04
218,6.10E-04
219,6.10E-04
220,6.10E-04
221,6.10E-04
222,6.10E-04
223,6.10E-04
224,6.10E-04
225,6.10E-04
226,6.10E-04
227,6.10E-04
228,6.10E-04
229,6.10E-04
230,6.10E-04
231,6.10E-04
232,6.10E-04
233,6.10E-04
234,6.10E-04
235,6.10E-04
236,6.10E-04
237,6.10E-04
238,6.10E-04
239,6.10E-04
240,6.10E-04
241,6.10E-04
242,6.10E-04
243,6.10E-04
244,6.10E-04
245,6.10E-04
246,6.10E-04
247,6.10E-04
248,6.10E-04
249,6.10E-04
250,6.10E-04
251,6.10E-04
252,6.10E-04
253,6.10E-04
254,6.10E-04
255,6.10E-04
256,6.10E-04
257,6.10E-04
258,6.10E-04
259,6.10E-04
260,6.10E-04
261,6.10E-04
262,6.10E-04
263,6.10E-04
264,6.10E-04
265,6.10E-04
266,6.10E-04
267,6.10E-04
268,6.10E-04
269,6.10E-04
270,6.10E-04
271,6.10E-04
272,6.10E-04
273,6.10E-04
274,6.10E-04
275,6.10E-04
276,6.10E-04
277,6.10E-04
278,6.10E-04
279,6.10E-04
280,6.10E-04
281,6.10E-04
282,6.10E-04
283,6.10E-04
284,6.10E-04
285,6.10E-04
286,6.10E-04
287,6.10E-04
288,6.10E-04
289,6.10E-04
290,6.10E-04
291,6.10E-04
292,6.10E-04
293,6.10E-04
294,6.10E-04
295,6.10E-04
296,6.10E-04
297,6.10E-04
298,6.10E-04
299,6.10E-04
300,6.10E-04
301,6.10E-04
302,6.10E-04
303,6.10E-04
304,6.10E-04
305,6.10E-04
306,6.10E-04
307,6.10E-04
308,6.10E-04
309,6.10E-04
310,6.10E-04
311,6.10E-04
312,6.10E-04
313,6.10E-04
314,6.10E-04
315,6.10E-04
316,6.10E-04
317,6.10E-04
318,6.10E-04
319,6.10E-04
320,6.10E-04
321,6.10E-04
322,6.10E-04
323,6.10E-04
324,6.10E-04
325,6.10E-04
326,6.10E-04
327,6.10E-04
328,6.10E-04
329,6.10E-04
330,6.10E-04
331,6.10E-04
332,6.10E-04
333,6.10E-04
334,6.10E-04
335,6.10E-04
336,6.10E-04
337,6.10E-04
338,6.10E-04
339,6.10E-04
340,6.10E-04
341,6.10E-04
342,6.10E-04
343,6.10E-04
344,6.10E-04
345,6.10E-04
346,6.10E-04
347,6.10E-04
348,6.10E-04
349,6.10E-04
350,6.10E-04
351,6.10E-04
352,6.10E-04
353,6.10E-04
354,6.10E-04
355,6.10E-04
356,6.10E-04
357,6.10E-04
358,6.10E-04
359,6.10E-04
360,6.10E-04
361,6.10E-04
362,6.10E-04
363,6.10E-04
364,6.10E-04
365,6.10E-04
366,6.10E-04
367,6.10E-04
368,6.10E-04
369,6.10E-04
370,6.10E-04
371,6.10E-04
372,6.10E-04
373,6.10E-04
374,6.10E-04
375,6.10E-04
376,6.10E-04
377,6.10E-04
378,6.10E-04
379,6.10E-04
380,6.10E-04
381,6.10E-04
382,6.10E-04
383,6.10E-04
384,6.10E-04
385,6.10E-04
386,6.10E-04
387,6.10E-04
388,6.10E-04
389,6.10E-04
390,6.10E-04
391,6.10E-04
392,6.10E-04
393,6.10E-04
394,6.10E-04
395,6.10E-04
396,6.10E-04
397,6.10E-04
398,6.10E-04
399,6.10E-04
400,6.10E-04
401,6.10E-04
402,6.10E-04
403,6.10E-04
404,6.10E-04
405,6.10E-04
406,6.10E-04
407,6.10E-04
408,6.10E-04
409,6.10E-04
410,6.10E-04
411,6.10E-04
412,6.10E-04
413,6.10E-04
414,6.10E-04
415,6.10E-04
416,6.10E-04
417,6.10E-04
418,6.10E-04
419,6.10E-04
420,6.10E-04
421,6.10E-04
422,6.10E-04
423,6.10E-04
424,6.10E-04
425,6.10E-04
426,6.10E-04
427,6.10E-04
428,6.10E-04
429,6.10E-04
430,6.10E-04
431,6.10E-04
432,6.10E-04
433,6.10E-04
434,6.10E-04
435,6.10E-04
436,6.10E-04
437,6.10E-04
438,6.10E-04
439,6.10E-04
440,6.10E-04
441,6.10E-04
442,6.10E-04
443,6.10E-04
444,6.10E-04
445,6.10E-04
446,6.10E-04
447,6.10E-04
448,6.10E-04
449,6.10E-04
450,6.10E-04
451,6.10E-04
452,6.10E-04
453,6.10E-04
454,6.10E-04
455,6.10E-04
456,6.10E-04
457,6.10E-04
458,6.10E-04
459,6.10E-04
460,6.10E-04
461,6.10E-04
462,6.10E-04
463,6.10E-04
464,6.10E-04
465,6.10E-04
466,6.10E-04
467,6.10E-04
468,6.10E-04
469,6.10E-04
470,6.10E-04
471,6.10E-04
472,6.10E-04
473,6.10E-04
474,6.10E-04
475,6.10E-04
476,6.10E-04
477,6.10E-04
478,6.10E-04
479,6.10E-04
480,6.10E-04
481,6.10E-04
482,6.10E-04
483,6.10E-04
484,6.10E-04
485,6.10E-04
486,6.10E-04
487,6.10E-04
488,6.10E-04
489,6.10E-04
490,6.10E-04
491,6.10E-04
492,6.10E-04
493,6.10E-04
494,6.10E-04
495,6.10E-04
496,6.10E-04
497,6.10E-04
498,6.10E-04
499,6.10E-04
500,6.10E-04
501,6.10E-04
502,6.10E-04
503,6.10E-04
504,6.10E-04
505,6.10E-04
506,6.10E-04
507,6.10E-04
508,6.10E-04
509,6.10E-04
510,6.10E-04
511,6.10E-04
512,6.10E-04
513,6.10E-04
514,6.10E-04
515,6.10E-04
516,6.10E-04
517,6.10E-04
518,6.10E-04
519,6.10E-04
520,6.10E-04
521,6.10E-04
522,6.10E-04
523,6.10E-04
524,6.10E-04
525,6.10E-04
526,6.10E-04
527,6.10E-04
528,6.10E-04
529,6.10E-04
530,6.10E-04
531,6.10E-04
532,6.10E-04
533,6.10E-04
534,6.10E-04
535,6.10E-04
536,6.10E-04
537,6.10E-04
538,6.10E-04
539,6.10E-04
540,6.10E-04
541,6.10E-04
542,6.10E-04
543,6.10E-04
544,6.10E-04
545,6.10E-04
546,6.10E-04
547,6.10E-04
548,6.10E-04
549,6.10E-04
550,6.10E-04
551,6.10E-04
552,6.10E-04
553,6.10E-04
554,6.10E-04
555,6.10E-04
556,6.10E-04
557,6.10E-04
558,6.10E-04
559,6.10E-04
560,6.10E-04
561,6.10E-04
562,6.10E-04
563,6.10E-04
564,6.10E-04
565,6.10E-04
566,6.10E-04
567,6.10E-04
568,6.10E-04
569,6.10E-04
570,6.10E-04
571,6.10E-04
572,6.10E-04
573,6.10E-04
574,6.10E-04
575,6.10E-04
576,6.10E-04
577,6.10E-04
578,6.10E-04
579,6.10E-04
580,6.10E-04
581,6.10E-04
582,6.10E-04
583,6.10E-04
584,6.10E-04
585,6.10E-04
586,6.10E-04
587,6.10E-04
588,6.10E-04
589,6.10E-04
590,6.10E-04
591,6.10E-04
592,6.10E-04
593,6.10E-04
594,6.10E-04
595,6.10E-04
596,6.10E-04
597,6.10E-04
598,6.10E-04
599,6.10E-04
600,6.10E-04
601,6.10E-04
602,6.28E-01
603,1.25E00
604,1.87E00
605,2.49E00
606,3.09E00
607,3.68E00
608,4.26E00
609,4.82E00
610,5.36E00
611,5.88E00
612,6.37E00
613,6.85E00
614,7.29E00
615,7.70E00
616,8.09E00
617,8.44E00
618,8.76E00
619,9.05E00
620,9.30E00
621,9.51E00
622,9.69E00
623,9.82E00
624,9.92E00
625,9.98E00
626,1.00E01
627,9.98E00
628,9.92E00
629,9.82E00
630,9.69E00
631,9.51E00
632,9.30E00
633,9.05E00
634,8.76E00
635,8.44E00
636,8.09E00
637,7.70E00
638,7.29E00
639,6.85E00
640,6.37E00
641,5.88E00
642,5.36E00
643,4.82E00
644,4.26E00
645,3.68E00
646,3.09E00
647,2.49E00
648,1.87E00
649,1.25E00
650,6.28E-01
651,6.10E-04
652,-6.28E-01
653,-1.25E00
654,-1.87E00
655,-2.49E00
656,-3.09E00
657,-3.68E00
658,-4.26E00
659,-4.82E00
660,-5.36E00
661,-5.88E00
662,-6.37E00
663,-6.85E00
664,-7.29E00
665,-7.70E00
666,-8.09E00
667,-8.44E00
668,-8.76E00
669,-9.05E00
670,-9.30E00
671,-9.51E00
672,-9.69E00
673,-9.82E00
674,-9.92E00
675,-9.98E00
676,-1.00E01
677,-9.98E00
678,-9.92E00
679,-9.82E00
680,-9.69E00
681,-9.51E00
682,-9.30E00
683,-9.05E00
684,-8.76E00
685,-8.44E00
686,-8.09E00
687,-7.70E00
688,-7.29E00
689,-6.85E00
690,-6.37E00
691,-5.88E00
692,-5.36E00
693,-4.82E00
694,-4.26E00
695,-3.68E00
696,-3.09E00
697,-2.49E00
698,-1.87E00
699,-1.25E00
700,6.10E-04
701,6.10E-04
702,6.10E-04
703,6.10E-04
704,6.10E-04
705,6.10E-04
706,6.10E-04
707,6.10E-04
708,6.10E-04
709,6.10E-04
710,6.10E-04
711,6.10E-04
712,6.10E-04
713,6.10E-04
714,6.10E-04
715,6.10E-04
716,6.10E-04
717,6.10E-04
718,6.10E-04
719,6.10E-04
720,6.10E-04
721,6.10E-04
722,6.10E-04
723,6.10E-04
724,6.10E-04
725,6.10E-04
726,6.10E-04
727,6.10E-04
728,6.10E-04
729,6.10E-04
730,6.10E-04
731,6.10E-04
732,6.10E-04
733,6.10E-04
734,6.10E-04
735,6.10E-04
736,6.10E-04
737,6.10E-04
738,6.10E-04
739,6.10E-04
740,6.10E-04
741,6.10E-04
742,6.10E-04
743,6.10E-04
744,6.10E-04
745,6.10E-04
746,6.10E-04
747,6.10E-04
748,6.10E-04
749,6.10E-04
750,6.10E-04
751,6.10E-04
752,6.10E-04
753,6.10E-04
754,6.10E-04
755,6.10E-04
756,6.10E-04
757,6.10E-04
758,6.10E-04
759,6.10E-04
760,6.10E-04
761,6.10E-04
762,6.10E-04
763,6.10E-04
764,6.10E-04
765,6.10E-04
766,6.10E-04
767,6.10E-04
768,6.10E-04
769,6.10E-04
770,6.10E-04
771,6.10E-04
772,6.10E-04
773,6.10E-04
774,6.10E-04
775,6.10E-04
776,6.10E-04
777,6.10E-04
778,6.10E-04
779,6.10E-04
780,6.10E-04
781,6.10E-04
782,6.10E-04
783,6.10E-04
784,6.10E-04
785,6.10E-04
786,6.10E-04
787,6.10E-04
788,6.10E-04
789,6.10E-04
790,6.10E-04
791,6.10E-04
792,6.10E-04
793,6.10E-04
794,6.10E-04
795,6.10E-04
796,6.10E-04
797,6.10E-04
798,6.10E-04
799,6.10E-04
800,6.10E-04
801,6.10E-04
802,6.10E-04
803,6.10E-04
804,6.10E-04
805,6.10E-04
806,6.10E-04
807,6.10E-04
808,6.10E-04
809,6.10E-04
810,6.10E-04
811,6.10E-04
812,6.10E-04
813,6.10E-04
814,6.10E-04
815,6.10E-04
816,6.10E-04
817,6.10E-04
818,6.10E-04
819,6.10E-04
820,6.10E-04
821,6.10E-04
822,6.10E-04
823,6.10E-04
824,6.10E-04
825,6.10E-04
826,6.10E-04
827,6.10E-04
828,6.10E-04
829,6.10E-04
830,6.10E-04
831,6.10E-04
832,6.10E-04
833,6.10E-04
834,6.10E-04
835,6.10E-04
836,6.10E-04
837,6.10E-04
838,6.10E-04
839,6.10E-04
840,6.10E-04
841,6.10E-04
842,6.10E-04
843,6.10E-04
844,6.10E-04
845,6.10E-04
846,6.10E-04
847,6.10E-04
848,6.10E-04
849,6.10E-04
850,6.10E-04
851,6.10E-04
852,6.10E-04
853,6.10E-04
854,6.10E-04
855,6.10E-04
856,6.10E-04
857,6.10E-04
858,6.10E-04
859,6.10E-04
860,6.10E-04
861,6.10E-04
862,6.10E-04
863,6.10E-04
864,6.10E-04
865,6.10E-04
866,6.10E-04
867,6.10E-04
868,6.10E-04
869,6.10E-04
870,6.10E-04
871,6.10E-04
872,6.10E-04
873,6.10E-04
874,6.10E-04
875,6.10E-04
876,6.10E-04
877,6.10E-04
878,6.10E-04
879,6.10E-04
880,6.10E-04
881,6.10E-04
882,6.10E-04
883,6.10E-04
884,6.10E-04
885,6.10E-04
886,6.10E-04
887,6.10E-04
888,6.10E-04
889,6.10E-04
890,6.10E-04
891,6.10E-04
892,6.10E-04
893,6.10E-04
894,6.10E-04
895,6.10E-04
896,6.10E-04
897,6.10E-04
898,6.10E-04
899,6.10E-04
900,6.10E-04
901,6.10E-04
902,6.10E-04
903,6.10E-04
904,6.10E-04
905,6.10E-04
906,6.10E-04
907,6.10E-04
908,6.10E-04
909,6.10E-04
910,6.10E-04
911,6.10E-04
912,6.10E-04
913,6.10E-04
914,6.10E-04
915,6.10E-04
916,6.10E-04
917,6.10E-04
918,6.10E-04
919,6.10E-04
920,6.10E-04
921,6.10E-04
922,6.10E-04
923,6.10E-04
924,6.10E-04
925,6.10E-04
926,6.10E-04
927,6.10E-04
928,6.10E-04
929,6.10E-04
930,6.10E-04
931,6.10E-04
932,6.10E-04
933,6.10E-04
934,6.10E-04
935,6.10E-04
936,6.10E-04
937,6.10E-04
938,6.10E-04
939,6.10E-04
940,6.10E-04
941,6.10E-04
942,6.10E-04
943,6.10E-04
944,6.10E-04
945,6.10E-04
946,6.10E-04
947,6.10E-04
948,6.10E-04
949,6.10E-04
950,6.10E-04
951,6.10E-04
952,6.10E-04
953,6.10E-04
954,6.10E-04
955,6.10E-04
956,6.10E-04
957,6.10E-04
958,6.10E-04
959,6.10E-04
960,6.10E-04
961,6.10E-04
962,6.10E-04
963,6.10E-04
964,6.10E-04
965,6.10E-04
966,6.10E-04
967,6.10E-04
968,6.10E-04
969,6.10E-04
970,6.10E-04
971,6.10E-04
972,6.10E-04
973,6.10E-04
974,6.10E-04
975,6.10E-04
976,6.10E-04
977,6.10E-04
978,6.10E-04
979,6.10E-04
980,6.10E-04
981,6.10E-04
982,6.10E-04
983,6.10E-04
984,6.10E-04
985,6.10E-04
986,6.10E-04
987,6.10E-04
988,6.10E-04
989,6.10E-04
990,6.10E-04
991,6.10E-04
992,6.10E-04
993,6.10E-04
994,6.10E-04
995,6.10E-04
996,6.10E-04
997,6.10E-04
998,6.10E-04
999,6.10E-04
1000,6.10E-04
1001,6.10E-04
1002,6.10E-04
1003,6.10E-04
1004,6.10E-04
1005,6.10E-04
1006,6.10E-04
1007,6.10E-04
1008,6.10E-04
1009,6.10E-04
1010,6.10E-04
1011,6.10E-04
1012,6.10E-04
1013,6.10E-04
1014,6.10E-04
1015,6.10E-04
1016,6.10E-04
1017,6.10E-04
1018,6.10E-04
1019,6.10E-04
1020,6.10E-04
1021,6.10E-04
1022,6.10E-04
1023,6.10E-04
1024,6.10E-04
1025,6.10E-04
1026,6.10E-04
1027,6.10E-04
1028,6.10E-04
1029,6.10E-04
1030,6.10E-04
1031,6.10E-04
1032,6.10E-04
1033,6.10E-04
1034,6.10E-04
1035,6.10E-04
1036,6.10E-04
1037,6.10E-04
1038,6.10E-04
1039,6.10E-04
1040,6.10E-04
1041,6.10E-04
1042,6.10E-04
1043,6.10E-04
1044,6.10E-04
1045,6.10E-04
1046,6.10E-04
1047,6.10E-04
1048,6.10E-04
1049,6.10E-04
1050,6.10E-04
1051,6.10E-04
1052,6.10E-04
1053,6.10E-04
1054,6.10E-04
1055,6.10E-04
1056,6.10E-04
1057,6.10E-04
1058,6.10E-04
1059,6.10E-04
1060,6.10E-04
1061,6.10E-04
1062,6.10E-04
1063,6.10E-04
1064,6.10E-04
1065,6.10E-04
1066,6.10E-04
1067,6.10E-04
1068,6.10E-04
1069,6.10E-04
1070,6.10E-04
1071,6.10E-04
1072,6.10E-04
1073,6.10E-04
1074,6.10E-04
1075,6.10E-04
1076,6.10E-04
1077,6.10E-04
1078,6.10E-04
1079,6.10E-04
1080,6.10E-04
1081,6.10E-04
1082,6.10E-04
1083,6.10E-04
1084,6.10E-04
1085,6.10E-04
1086,6.10E-04
1087,6.10E-04
1088,6.10E-04
1089,6.10E-04
1090,6.10E-04
1091,6.10E-04
1092,6.10E-04
1093,6.10E-04
1094,6.10E-04
1095,6.10E-04
1096,6.10E-04
1097,6.10E-04
1098,6.10E-04
1099,6.10E-04
1100,6.10E-04
1101,6.10E-04
1102,6.10E-04
1103,6.10E-04
1104,6.10E-04
1105,6.10E-04
1106,6.10E-04
1107,6.10E-04
1108,6.10E-04
1109,6.10E-04
1110,6.10E-04
1111,6.10E-04
1112,6.10E-04
1113,6.10E-04
1114,6.10E-04
1115,6.10E-04
1116,6.10E-04
1117,6.10E-04
1118,6.10E-04
1119,6.10E-04
1120,6.10E-04
1121,6.10E-04
1122,6.10E-04
1123,6.10E-04
1124,6.10E-04
1125,6.10E-04
1126,6.10E-04
1127,6.10E-04
1128,6.10E-04
1129,6.10E-04
1130,6.10E-04
1131,6.10E-04
1132,6.10E-04
1133,6.10E-04
1134,6.10E-04
1135,6.10E-04
1136,6.10E-04
1137,6.10E-04
1138,6.10E-04
1139,6.10E-04
1140,6.10E-04
1141,6.10E-04
1142,6.10E-04
1143,6.10E-04
1144,6.10E-04
1145,6.10E-04
1146,6.10E-04
1147,6.10E-04
1148,6.10E-04
1149,6.10E-04
1150,6.10E-04
1151,6.10E-04
1152,6.10E-04
1153,6.10E-04
1154,6.10E-04
1155,6.10E-04
1156,6.10E-04
1157,6.10E-04
1158,6.10E-04
1159,6.10E-04
1160,6.10E-04
1161,6.10E-04
1162,6.10E-04
1163,6.10E-04
1164,6.10E-04
1165,6.10E-04
1166,6.10E-04
1167,6.10E-04
1168,6.10E-04
1169,6.10E-04
1170,6.10E-04
1171,6.10E-04
1172,6.10E-04
1173,6.10E-04
1174,6.10E-04
1175,6.10E-04
1176,6.10E-04
1177,6.10E-04
1178,6.10E-04
1179,6.10E-04
1180,6.10E-04
1181,6.10E-04
1182,6.10E-04
1183,6.10E-04
1184,6.10E-04
1185,6.10E-04
1186,6.10E-04
1187,6.10E-04
1188,6.10E-04
1189,6.10E-04
1190,6.10E-04
1191,6.10E-04
1192,6.10E-04
1193,6.10E-04
1194,6.10E-04
1195,6.10E-04
1196,6.10E-04
1197,6.10E-04
1198,6.10E-04
1199,6.10E-04
1200,6.10E-04
1201,6.10E-04
1202,6.10E-04
1203,6.10E-04
1204,6.10E-04
1205,6.10E-04
1206,6.10E-04
1207,6.10E-04
1208,6.10E-04
1209,6.10E-04
1210,6.10E-04
1211,6.10E-04
1212,6.10E-04
1213,6.10E-04
1214,6.10E-04
1215,6.10E-04
1216,6.10E-04
1217,6.10E-04
1218,6.10E-04
1219,6.10E-04
1220,6.10E-04
1221,6.10E-04
1222,6.10E-04
1223,6.10E-04
1224,6.10E-04
1225,6.10E-04
1226,6.10E-04
1227,6.10E-04
1228,6.10E-04
1229,6.10E-04
1230,6.10E-04
1231,6.10E-04
1232,6.10E-04
1233,6.10E-04
1234,6.10E-04
1235,6.10E-04
1236,6.10E-04
1237,6.10E-04
1238,6.10E-04
1239,6.10E-04
1240,6.10E-04
1241,6.10E-04
1242,6.10E-04
1243,6.10E-04
1244,6.10E-04
1245,6.10E-04
1246,6.10E-04
1247,6.10E-04
1248,6.10E-04
1249,6.10E-04
1250,6.10E-04
1251,6.10E-04
1252,6.10E-04
1253,6.10E-04
1254,6.10E-04
1255,6.10E-04
1256,6.10E-04
1257,6.10E-04
1258,6.10E-04
1259,6.10E-04
1260,6.10E-04
1261,6.10E-04
1262,6.10E-04
1263,6.10E-04
1264,6.10E-04
1265,6.10E-04
1266,6.10E-04
1267,6.10E-04
1268,6.10E-04
1269,6.10E-04
1270,6.10E-04
1271,6.10E-04
1272,6.10E-04
1273,6.10E-04
1274,6.10E-04
1275,6.10E-04
1276,6.10E-04
1277,6.10E-04
1278,6.10E-04
1279,6.10E-04
1280,6.10E-04
1281,6.10E-04
1282,6.10E-04
1283,6.10E-04
1284,6.10E-04
1285,6.10E-04
1286,6.10E-04
1287,6.10E-04
1288,6.10E-04
1289,6.10E-04
1290,6.10E-04
1291,6.10E-04
1292,6.10E-04
1293,6.10E-04
1294,6.10E-04
1295,6.10E-04
1296,6.10E-04
1297,6.10E-04
1298,6.10E-04
1299,6.10E-04
1300,6.10E-04
1301,6.10E-04
1302,6.10E-04
1303,6.10E-04
1304,6.10E-04
1305,6.10E-04
1306,6.10E-04
1307,6.10E-04
1308,6.10E-04
1309,6.10E-04
1310,6.10E-04
1311,6.10E-04
1312,6.10E-04
1313,6.10E-04
1314,6.10E-04
1315,6.10E-04
1316,6.10E-04
1317,6.10E-04
1318,6.10E-04
1319,6.10E-04
1320,6.10E-04
1321,6.10E-04
1322,6.10E-04
1323,6.10E-04
1324,6.10E-04
1325,6.10E-04
1326,6.10E-04
1327,6.10E-04
1328,6.10E-04
1329,6.10E-04
1330,6.10E-04
1331,6.10E-04
1332,6.10E-04
1333,6.10E-04
1334,6.10E-04
1335,6.10E-04
1336,6.10E-04
1337,6.10E-04
1338,6.10E-04
1339,6.10E-04
1340,6.10E-04
1341,6.10E-04
1342,6.10E-04
1343,6.10E-04
1344,6.10E-04
1345,6.10E-04
1346,6.10E-04
1347,6.10E-04
1348,6.10E-04
1349,6.10E-04
1350,6.10E-04
1351,6.10E-04
1352,6.10E-04
1353,6.10E-04
1354,6.10E-04
1355,6.10E-04
1356,6.10E-04
1357,6.10E-04
1358,6.10E-04
1359,6.10E-04
1360,6.10E-04
1361,6.10E-04
1362,6.10E-04
1363,6.10E-04
1364,6.10E-04
1365,6.10E-04
1366,6.10E-04
1367,6.10E-04
1368,6.10E-04
1369,6.10E-04
1370,6.10E-04
1371,6.10E-04
1372,6.10E-04
1373,6.10E-04
1374,6.10E-04
1375,6.10E-04
1376,6.10E-04
1377,6.10E-04
1378,6.10E-04
1379,6.10E-04
1380,6.10E-04
1381,6.10E-04
1382,6.10E-04
1383,6.10E-04
1384,6.10E-04
1385,6.10E-04
1386,6.10E-04
1387,6.10E-04
1388,6.10E-04
1389,6.10E-04
1390,6.10E-04
1391,6.10E-04
1392,6.10E-04
1393,6.10E-04
1394,6.10E-04
1395,6.10E-04
1396,6.10E-04
1397,6.10E-04
1398,6.10E-04
1399,6.10E-04
1400,6.10E-04
1401,6.10E-04
1402,6.10E-04
1403,6.10E-04
1404,6.10E-04
1405,6.10E-04
1406,6.10E-04
1407,6.10E-04
1408,6.10E-04
1409,6.10E-04
1410,6.10E-04
1411,6.10E-04
1412,6.10E-04
1413,6.10E-04
1414,6.10E-04
1415,6.10E-04
1416,6.10E-04
1417,6.10E-04
1418,6.10E-04
1419,6.10E-04
1420,6.10E-04
1421,6.10E-04
1422,6.10E-04
1423,6.10E-04
1424,6.10E-04
1425,6.10E-04
1426,6.10E-04
1427,6.10E-04
1428,6.10E-04
1429,6.10E-04
1430,6.10E-04
1431,6.10E-04
1432,6.10E-04
1433,6.10E-04
1434,6.10E-04
1435,6.10E-04
1436,6.10E-04
1437,6.10E-04
1438,6.10E-04
1439,6.10E-04
1440,6.10E-04
1441,6.10E-04
1442,6.10E-04
1443,6.10E-04
1444,6.10E-04
1445,6.10E-04
1446,6.10E-04
1447,6.10E-04
1448,6.10E-04
1449,6.10E-04
1450,6.10E-04
1451,6.10E-04
1452,6.10E-04
1453,6.10E-04
1454,6.10E-04
1455,6.10E-04
1456,6.10E-04
1457,6.10E-04
1458,6.10E-04
1459,6.10E-04
1460,6.10E-04
1461,6.10E-04
1462,6.10E-04
1463,6.10E-04
1464,6.10E-04
1465,6.10E-04
1466,6.10E-04
1467,6.10E-04
1468,6.10E-04
1469,6.10E-04
1470,6.10E-04
1471,6.10E-04
1472,6.10E-04
1473,6.10E-04
1474,6.10E-04
1475,6.10E-04
1476,6.10E-04
1477,6.10E-04
1478,6.10E-04
1479,6.10E-04
1480,6.10E-04
1481,6.10E-04
1482,6.10E-04
1483,6.10E-04
1484,6.10E-04
1485,6.10E-04
1486,6.10E-04
1487,6.10E-04
1488,6.10E-04
1489,6.10E-04
1490,6.10E-04
1491,6.10E-04
1492,6.10E-04
1493,6.10E-04
1494,6.10E-04
1495,6.10E-04
1496,6.10E-04
1497,6.10E-04
1498,6.10E-04
1499,6.10E-04
1500,6.10E-04
1501,6.10E-04
1502,6.10E-04
1503,6.10E-04
1504,6.10E-04
1505,6.10E-04
1506,6.10E-04
1507,6.10E-04
1508,6.10E-04
1509,6.10E-04
1510,6.10E-04
1511,6.10E-04
1512,6.10E-04
1513,6.10E-04
1514,6.10E-04
1515,6.10E-04
1516,6.10E-04
1517,6.10E-04
1518,6.10E-04
1519,6.10E-04
1520,6.10E-04
1521,6.10E-04
1522,6.10E-04
1523,6.10E-04
1524,6.10E-04
1525,6.10E-04
1526,6.10E-04
1527,6.10E-04
1528,6.10E-04
1529,6.10E-04
1530,6.10E-04
1531,6.10E-04
1532,6.10E-04
1533,6.10E-04
1534,6.10E-04
1535,6.10E-04
1536,6.10E-04
1537,6.10E-04
1538,6.10E-04
1539,6.10E-04
1540,6.10E-04
1541,6.10E-04
1542,6.10E-04
1543,6.10E-04
1544,6.10E-04
1545,6.10E-04
1546,6.10E-04
1547,6.10E-04
1548,6.10E-04
1549,6.10E-04
1550,6.10E-04
1551,6.10E-04
1552,6.10E-04
1553,6.10E-04
1554,6.10E-04
1555,6.10E-04
1556,6.10E-04
1557,6.10E-04
1558,6.10E-04
1559,6.10E-04
1560,6.10E-04
1561,6.10E-04
1562,6.10E-04
1563,6.10E-04
1564,6.10E-04
1565,6.10E-04
1566,6.10E-04
1567,6.10E-04
1568,6.10E-04
1569,6.10E-04
1570,6.10E-04
1571,6.10E-04
1572,6.10E-04
1573,6.10E-04
1574,6.10E-04
1575,6.10E-04
1576,6.10E-04
1577,6.10E-04
1578,6.10E-04
1579,6.10E-04
1580,6.10E-04
1581,6.10E-04
1582,6.10E-04
1583,6.10E-04
1584,6.10E-04
1585,6.10E-04
1586,6.10E-04
1587,6.10E-04
1588,6.10E-04
1589,6.10E-04
1590,6.10E-04
1591,6.10E-04
1592,6.10E-04
1593,6.10E-04
1594,6.10E-04
1595,6.10E-04
1596,6.10E-04
1597,6.10E-04
1598,6.10E-04
1599,6.10E-04
1600,6.10E-04
1601,6.10E-04
1602,6.10E-04
1603,6.10E-04
1604,6.10E-04
1605,6.10E-04
1606,6.10E-04
1607,6.10E-04
1608,6.10E-04
1609,6.10E-04
1610,6.10E-04
1611,6.10E-04
1612,6.10E-04
1613,6.10E-04
1614,6.10E-04
1615,6.10E-04
1616,6.10E-04
1617,6.10E-04
1618,6.10E-04
1619,6.10E-04
1620,6.10E-04
1621,6.10E-04
1622,6.10E-04
1623,6.10E-04
1624,6.10E-04
1625,6.10E-04
1626,6.10E-04
1627,6.10E-04
1628,6.10E-04
1629,6.10E-04
1630,6.10E-04
1631,6.10E-04
1632,6.10E-04
1633,6.10E-04
1634,6.10E-04
1635,6.10E-04
1636,6.10E-04
1637,6.10E-04
1638,6.10E-04
1639,6.10E-04
1640,6.10E-04
1641,6.10E-04
1642,6.10E-04
1643,6.10E-04
1644,6.10E-04
1645,6.10E-04
1646,6.10E-04
1647,6.10E-04
1648,6.10E-04
1649,6.10E-04
1650,6.10E-04
1651,6.10E-04
1652,6.10E-04
1653,6.10E-04
1654,6.10E-04
1655,6.10E-04
1656,6.10E-04
1657,6.10E-04
1658,6.10E-04
1659,6.10E-04
1660,6.10E-04
1661,6.10E-04
1662,6.10E-04
1663,6.10E-04
1664,6.10E-04
1665,6.10E-04
1666,6.10E-04
1667,6.10E-04
1668,6.10E-04
1669,6.10E-04
1670,6.10E-04
1671,6.10E-04
1672,6.10E-04
1673,6.10E-04
1674,6.10E-04
1675,6.10E-04
1676,6.10E-04
1677,6.10E-04
1678,6.10E-04
1679,6.10E-04
1680,6.10E-04
1681,6.10E-04
1682,6.10E-04
1683,6.10E-04
1684,6.10E-04
1685,6.10E-04
1686,6.10E-04
1687,6.10E-04
1688,6.10E-04
1689,6.10E-04
1690,6.10E-04
1691,6.10E-04
1692,6.10E-04
1693,6.10E-04
1694,6.10E-04
1695,6.10E-04
1696,6.10E-04
1697,6.10E-04
1698,6.10E-04
1699,6.10E-04
1700,6.10E-04
1701,6.10E-04
1702,6.10E-04
1703,6.10E-04
1704,6.10E-04
1705,6.10E-04
1706,6.10E-04
1707,6.10E-04
1708,6.10E-04
1709,6.10E-04
1710,6.10E-04
1711,6.10E-04
1712,6.10E-04
1713,6.10E-04
1714,6.10E-04
1715,6.10E-04
1716,6.10E-04
1717,6.10E-04
1718,6.10E-04
1719,6.10E-04
1720,6.10E-04
1721,6.10E-04
1722,6.10E-04
1723,6.10E-04
1724,6.10E-04
1725,6.10E-04
1726,6.10E-04
1727,6.10E-04
1728,6.10E-04
1729,6.10E-04
1730,6.10E-04
1731,6.10E-04
1732,6.10E-04
1733,6.10E-04
1734,6.10E-04
1735,6.10E-04
1736,6.10E-04
1737,6.10E-04
1738,6.10E-04
1739,6.10E-04
1740,6.10E-04
1741,6.10E-04
1742,6.10E-04
1743,6.10E-04
1744,6.10E-04
1745,6.10E-04
1746,6.10E-04
1747,6.10E-04
1748,6.10E-04
1749,6.10E-04
1750,6.10E-04
1751,6.10E-04
1752,6.10E-04
1753,6.10E-04
1754,6.10E-04
1755,6.10E-04
1756,6.10E-04
1757,6.10E-04
1758,6.10E-04
1759,6.10E-04
1760,6.10E-04
1761,6.10E-04
1762,6.10E-04
1763,6.10E-04
1764,6.10E-04
1765,6.10E-04
1766,6.10E-04
1767,6.10E-04
1768,6.10E-04
1769,6.10E-04
1770,6.10E-04
1771,6.10E-04
1772,6.10E-04
1773,6.10E-04
1774,6.10E-04
1775,6.10E-04
1776,6.10E-04
1777,6.10E-04
1778,6.10E-04
1779,6.10E-04
1780,6.10E-04
1781,6.10E-04
1782,6.10E-04
1783,6.10E-04
1784,6.10E-04
1785,6.10E-04
1786,6.10E-04
1787,6.10E-04
1788,6.10E-04
1789,6.10E-04
1790,6.10E-04
1791,6.10E-04
1792,6.10E-04
1793,6.10E-04
1794,6.10E-04
1795,6.10E-04
1796,6.10E-04
1797,6.10E-04
1798,6.10E-04
1799,6.10E-04
1800,6.10E-04
1801,6.10E-04
1802,6.10E-04
1803,6.10E-04
1804,6.10E-04
1805,6.10E-04
1806,6.10E-04
1807,6.10E-04
1808,6.10E-04
1809,6.10E-04
1810,6.10E-04
1811,6.10E-04
1812,6.10E-04
1813,6.10E-04
1814,6.10E-04
1815,6.10E-04
1816,6.10E-04
1817,6.10E-04
1818,6.10E-04
1819,6.10E-04
1820,6.10E-04
1821,6.10E-04
1822,6.10E-04
1823,6.10E-04
1824,6.10E-04
1825,6.10E-04
1826,6.10E-04
1827,6.10E-04
1828,6.10E-04
1829,6.10E-04
1830,6.10E-04
1831,6.10E-04
1832,6.10E-04
1833,6.10E-04
1834,6.10E-04
1835,6.10E-04
1836,6.10E-04
1837,6.10E-04
1838,6.10E-04
1839,6.10E-04
1840,6.10E-04
1841,6.10E-04
1842,6.10E-04
1843,6.10E-04
1844,6.10E-04
1845,6.10E-04
1846,6.10E-04
1847,6.10E-04
1848,6.10E-04
1849,6.10E-04
1850,6.10E-04
1851,6.10E-04
1852,6.10E-04
1853,6.10E-04
1854,6.10E-04
1855,6.10E-04
1856,6.10E-04
1857,6.10E-04
1858,6.10E-04
1859,6.10E-04
1860,6.10E-04
1861,6.10E-04
1862,6.10E-04
1863,6.10E-04
1864,6.10E-04
1865,6.10E-04
1866,6.10E-04
1867,6.10E-04
1868,6.10E-04
1869,6.10E-04
1870,6.10E-04
1871,6.10E-04
1872,6.10E-04
1873,6.10E-04
1874,6.10E-04
1875,6.10E-04
1876,6.10E-04
1877,6.10E-04
1878,6.10E-04
1879,6.10E-04
1880,6.10E-04
1881,6.10E-04
1882,6.10E-04
1883,6.10E-04
1884,6.10E-04
1885,6.10E-04
1886,6.10E-04
1887,6.10E-04
1888,6.10E-04
1889,6.10E-04
1890,6.10E-04
1891,6.10E-04
1892,6.10E-04
1893,6.10E-04
1894,6.10E-04
1895,6.10E-04
1896,6.10E-04
1897,6.10E-04
1898,6.10E-04
1899,6.10E-04
1900,6.10E-04
1901,6.10E-04
1902,6.28E-01
1903,1.25E00
1904,1.87E00
1905,2.49E00
1906,3.09E00
1907,3.68E00
1908,4.26E00
1909,4.82E00
1910,5.36E00
1911,5.88E00
1912,6.37E00
1913,6.85E00
1914,7.29E00
1915,7.70E00
1916,8.09E00
1917,8.44E00
1918,8.76E00
1919,9.05E00
1920,9.30E00
1921,9.51E00
1922,9.69E00
1923,9.82E00
1924,9.92E00
1925,9.98E00
1926,1.00E01
1927,9.98E00
1928,9.92E00
1929,9.82E00
1930,9.69E00
1931,9.51E00
1932,9.30E00
1933,9.05E00
1934,8.76E00
1935,8.44E00
1936,8.09E00
1937,7.70E00
1938,7.29E00
1939,6.85E00
1940,6.37E00
1941,5.88E00
1942,5.36E00
1943,4.82E00
1944,4.26E00
1945,3.68E00
1946,3.09E00
1947,2.49E00
1948,1.87E00
1949,1.25E00
1950,6.28E-01
1951,6.10E-04
1952,-6.28E-01
1953,-1.25E00
1954,-1.87E00
1955,-2.49E00
1956,-3.09E00
1957,-3.68E00
1958,-4.26E00
1959,-4.82E00
1960,-5.36E00
1961,-5.88E00
1962,-6.37E00
1963,-6.85E00
1964,-7.29E00
1965,-7.70E00
1966,-8.09E00
1967,-8.44E00
1968,-8.76E00
1969,-9.05E00
1970,-9.30E00
1971,-9.51E00
1972,-9.69E00
1973,-9.82E00
1974,-9.92E00
1975,-9.98E00
1976,-1.00E01
1977,-9.98E00
1978,-9.92E00
1979,-9.82E00
1980,-9.69E00
1981,-9.51E00
1982,-9.30E00
1983,-9.05E00
1984,-8.76E00
1985,-8.44E00
1986,-8.09E00
1987,-7.70E00
1988,-7.29E00
1989,-6.85E00
1990,-6.37E00
1991,-5.88E00
1992,-5.36E00
1993,-4.82E00
1994,-4.26E00
1995,-3.68E00
1996,-3.09E00
1997,-2.49E00
1998,-1.87E00
1999,-1.25E00
2000,6.10E-04
2001,6.10E-04
2002,6.10E-04
2003,6.10E-04
2004,6.10E-04
2005,6.10E-04
2006,6.10E-04
2007,6.10E-04
2008,6.10E-04
2009,6.10E-04
2010,6.10E-04
2011,6.10E-04
2012,6.10E-04
2013,6.10E-04
2014,6.10E-04
2015,6.10E-04
2016,6.10E-04
2017,6.10E-04
2018,6.10E-04
2019,6.10E-04
2020,6.10E-04
2021,6.10E-04
2022,6.10E-04
2023,6.10E-04
2024,6.10E-04
2025,6.10E-04
2026,6.10E-04
2027,6.10E-04
2028,6.10E-04
2029,6.10E-04
2030,6.10E-04
2031,6.10E-04
2032,6.10E-04
2033,6.10E-04
2034,6.10E-04
2035,6.10E-04
2036,6.10E-04
2037,6.10E-04
2038,6.10E-04
2039,6.10E-04
2040,6.10E-04
2041,6.10E-04
2042,6.10E-04
2043,6.10E-04
2044,6.10E-04
2045,6.10E-04
2046,6.10E-04
2047,6.10E-04
2048,6.10E-04
2049,6.10E-04
2050,6.10E-04
2051,6.10E-04
2052,6.10E-04
2053,6.10E-04
2054,6.10E-04
2055,6.10E-04
2056,6.10E-04
2057,6.10E-04
2058,6.10E-04
2059,6.10E-04
2060,6.10E-04
2061,6.10E-04
2062,6.10E-04
2063,6.10E-04
2064,6.10E-04
2065,6.10E-04
2066,6.10E-04
2067,6.10E-04
2068,6.10E-04
2069,6.10E-04
2070,6.10E-04
2071,6.10E-04
2072,6.10E-04
2073,6.10E-04
2074,6.10E-04
2075,6.10E-04
2076,6.10E-04
2077,6.10E-04
2078,6.10E-04
2079,6.10E-04
2080,6.10E-04
2081,6.10E-04
2082,6.10E-04
2083,6.10E-04
2084,6.10E-04
2085,6.10E-04
2086,6.10E-04
2087,6.10E-04
2088,6.10E-04
2089,6.10E-04
2090,6.10E-04
2091,6.10E-04
2092,6.10E-04
2093,6.10E-04
2094,6.10E-04
2095,6.10E-04
2096,6.10E-04
2097,6.10E-04
2098,6.10E-04
2099,6.10E-04
2100,6.10E-04
2101,6.10E-04
2102,6.10E-04
2103,6.10E-04
2104,6.10E-04
2105,6.10E-04
2106,6.10E-04
2107,6.10E-04
2108,6.10E-04
2109,6.10E-04
2110,6.10E-04
2111,6.10E-04
2112,6.10E-04
2113,6.10E-04
2114,6.10E-04
2115,6.10E-04
2116,6.10E-04
2117,6.10E-04
2118,6.10E-04
2119,6.10E-04
2120,6.10E-04
2121,6.10E-04
2122,6.10E-04
2123,6.10E-04
2124,6.10E-04
2125,6.10E-04
2126,6.10E-04
2127,6.10E-04
2128,6.10E-04
2129,6.10E-04
2130,6.10E-04
2131,6.10E-04
2132,6.10E-04
2133,6.10E-04
2134,6.10E-04
2135,6.10E-04
2136,6.10E-04
2137,6.10E-04
2138,6.10E-04
2139,6.10E-04
2140,6.10E-04
2141,6.10E-04
2142,6.10E-04
2143,6.10E-04
2144,6.10E-04
2145,6.10E-04
2146,6.10E-04
2147,6.10E-04
2148,6.10E-04
2149,6.10E-04
2150,6.10E-04
2151,6.10E-04
2152,6.10E-04
2153,6.10E-04
2154,6.10E-04
2155,6.10E-04
2156,6.10E-04
2157,6.10E-04
2158,6.10E-04
2159,6.10E-04
2160,6.10E-04
2161,6.10E-04
2162,6.10E-04
2163,6.10E-04
2164,6.10E-04
2165,6.10E-04
2166,6.10E-04
2167,6.10E-04
2168,6.10E-04
2169,6.10E-04
2170,6.10E-04
2171,6.10E-04
2172,6.10E-04
2173,6.10E-04
2174,6.10E-04
2175,6.10E-04
2176,6.10E-04
2177,6.10E-04
2178,6.10E-04
2179,6.10E-04
2180,6.10E-04
2181,6.10E-04
2182,6.10E-04
2183,6.10E-04
2184,6.10E-04
2185,6.10E-04
2186,6.10E-04
2187,6.10E-04
2188,6.10E-04
2189,6.10E-04
2190,6.10E-04
2191,6.10E-04
2192,6.10E-04
2193,6.10E-04
2194,6.10E-04
2195,6.10E-04
2196,6.10E-04
2197,6.10E-04
2198,6.10E-04
2199,6.10E-04
2200,6.10E-04
2201,6.10E-04
2202,6.10E-04
2203,6.10E-04
2204,6.10E-04
2205,6.10E-04
2206,6.10E-04
2207,6.10E-04
2208,6.10E-04
2209,6.10E-04
2210,6.10E-04
2211,6.10E-04
2212,6.10E-04
2213,6.10E-04
2214,6.10E-04
2215,6.10E-04
2216,6.10E-04
2217,6.10E-04
2218,6.10E-04
2219,6.10E-04
2220,6.10E-04
2221,6.10E-04
2222,6.10E-04
2223,6.10E-04
2224,6.10E-04
2225,6.10E-04
2226,6.10E-04
2227,6.10E-04
2228,6.10E-04
2229,6.10E-04
2230,6.10E-04
2231,6.10E-04
2232,6.10E-04
2233,6.10E-04
2234,6.10E-04
2235,6.10E-04
2236,6.10E-04
2237,6.10E-04
2238,6.10E-04
2239,6.10E-04
2240,6.10E-04
2241,6.10E-04
2242,6.10E-04
2243,6.10E-04
2244,6.10E-04
2245,6.10E-04
2246,6.10E-04
2247,6.10E-04
2248,6.10E-04
2249,6.10E-04
2250,6.10E-04
2251,6.10E-04
2252,6.10E-04
2253,6.10E-04
2254,6.10E-04
2255,6.10E-04
2256,6.10E-04
2257,6.10E-04
2258,6.10E-04
2259,6.10E-04
2260,6.10E-04
2261,6.10E-04
2262,6.10E-04
2263,6.10E-04
2264,6.10E-04
2265,6.10E-04
2266,6.10E-04
2267,6.10E-04
2268,6.10E-04
2269,6.10E-04
2270,6.10E-04
2271,6.10E-04
2272,6.10E-04
2273,6.10E-04
2274,6.10E-04
2275,6.10E-04
2276,6.10E-04
2277,6.10E-04
2278,6.10E-04
2279,6.10E-04
2280,6.10E-04
2281,6.10E-04
2282,6.10E-04
2283,6.10E-04
2284,6.10E-04
2285,6.10E-04
2286,6.10E-04
2287,6.10E-04
2288,6.10E-04
2289,6.10E-04
2290,6.10E-04
2291,6.10E-04
2292,6.10E-04
2293,6.10E-04
2294,6.10E-04
2295,6.10E-04
2296,6.10E-04
2297,6.10E-04
2298,6.10E-04
2299,6.10E-04
2300,6.10E-04
2301,6.10E-04
2302,6.10E-04
2303,6.10E-04
2304,6.10E-04
2305,6.10E-04
2306,6.10E-04
2307,6.10E-04
2308,6.10E-04
2309,6.10E-04
2310,6.10E-04
2311,6.10E-04
2312,6.10E-04
2313,6.10E-04
2314,6.10E-04
2315,6.10E-04
2316,6.10E-04
2317,6.10E-04
2318,6.10E-04
2319,6.10E-04
2320,6.10E-04
2321,6.10E-04
2322,6.10E-04
2323,6.10E-04
2324,6.10E-04
2325,6.10E-04
2326,6.10E-04
2327,6.10E-04
2328,6.10E-04
2329,6.10E-04
2330,6.10E-04
2331,6.10E-04
2332,6.10E-04
2333,6.10E-04
2334,6.10E-04
2335,6.10E-04
2336,6.10E-04
2337,6.10E-04
2338,6.10E-04
2339,6.10E-04
2340,6.10E-04
2341,6.10E-04
2342,6.10E-04
2343,6.10E-04
2344,6.10E-04
2345,6.10E-04
2346,6.10E-04
2347,6.10E-04
2348,6.10E-04
2349,6.10E-04
2350,6.10E-04
2351,6.10E-04
2352,6.10E-04
2353,6.10E-04
2354,6.10E-04
2355,6.10E-04
2356,6.10E-04
2357,6.10E-04
2358,6.10E-04
2359,6.10E-04
2360,6.10E-04
2361,6.10E-04
2362,6.10E-04
2363,6.10E-04
2364,6.10E-04
2365,6.10E-04
2366,6.10E-04
2367,6.10E-04
2368,6.10E-04
2369,6.10E-04
2370,6.10E-04
2371,6.10E-04
2372,6.10E-04
2373,6.10E-04
2374,6.10E-04
2375,6.10E-04
2376,6.10E-04
2377,6.10E-04
2378,6.10E-04
2379,6.10E-04
2380,6.10E-04
2381,6.10E-04
2382,6.10E-04
2383,6.10E-04
2384,6.10E-04
2385,6.10E-04
2386,6.10E-04
2387,6.10E-04
2388,6.10E-04
2389,6.10E-04
2390,6.10E-04
2391,6.10E-04
2392,6.10E-04
2393,6.10E-04
2394,6.10E-04
2395,6.10E-04
2396,6.10E-04
2397,6.10E-04
2398,6.10E-04
2399,6.10E-04
2400,6.10E-04
2401,6.10E-04
2402,6.10E-04
2403,6.10E-04
2404,6.10E-04
2405,6.10E-04
2406,6.10E-04
2407,6.10E-04
2408,6.10E-04
2409,6.10E-04
2410,6.10E-04
2411,6.10E-04
2412,6.10E-04
2413,6.10E-04
2414,6.10E-04
2415,6.10E-04
2416,6.10E-04
2417,6.10E-04
2418,6.10E-04
2419,6.10E-04
2420,6.10E-04
2421,6.10E-04
2422,6.10E-04
2423,6.10E-04
2424,6.10E-04
2425,6.10E-04
2426,6.10E-04
2427,6.10E-04
2428,6.10E-04
2429,6.10E-04
2430,6.10E-04
2431,6.10E-04
2432,6.10E-04
2433,6.10E-04
2434,6.10E-04
2435,6.10E-04
2436,6.10E-04
2437,6.10E-04
2438,6.10E-04
2439,6.10E-04
2440,6.10E-04
2441,6.10E-04
2442,6.10E-04
2443,6.10E-04
2444,6.10E-04
2445,6.10E-04
2446,6.10E-04
2447,6.10E-04
2448,6.10E-04
2449,6.10E-04
2450,6.10E-04
2451,6.10E-04
2452,6.10E-04
2453,6.10E-04
2454,6.10E-04
2455,6.10E-04
2456,6.10E-04
2457,6.10E-04
2458,6.10E-04
2459,6.10E-04
2460,6.10E-04
2461,6.10E-04
2462,6.10E-04
2463,6.10E-04
2464,6.10E-04
2465,6.10E-04
2466,6.10E-04
2467,6.10E-04
2468,6.10E-04
2469,6.10E-04
2470,6.10E-04
2471,6.10E-04
2472,6.10E-04
2473,6.10E-04
2474,6.10E-04
2475,6.10E-04
2476,6.10E-04
2477,6.10E-04
2478,6.10E-04
2479,6.10E-04
2480,6.10E-04
2481,6.10E-04
2482,6.10E-04
2483,6.10E-04
2484,6.10E-04
2485,6.10E-04
2486,6.10E-04
2487,6.10E-04
2488,6.10E-04
2489,6.10E-04
2490,6.10E-04
2491,6.10E-04
2492,6.10E-04
2493,6.10E-04
2494,6.10E-04
2495,6.10E-04
2496,6.10E-04
2497,6.10E-04
2498,6.10E-04
2499,6.10E-04
2500,6.10E-04
2501,6.10E-04
2502,6.10E-04
2503,6.10E-04
2504,6.10E-04
2505,6.10E-04
2506,6.10E-04
2507,6.10E-04
2508,6.10E-04
2509,6.10E-04
2510,6.10E-04
2511,6.10E-04
2512,6.10E-04
2513,6.10E-04
2514,6.10E-04
2515,6.10E-04
2516,6.10E-04
2517,6.10E-04
2518,6.10E-04
2519,6.10E-04
2520,6.10E-04
2521,6.10E-04
2522,6.10E-04
2523,6.10E-04
2524,6.10E-04
2525,6.10E-04
2526,6.10E-04
2527,6.10E-04
2528,6.10E-04
2529,6.10E-04
2530,6.10E-04
2531,6.10E-04
2532,6.10E-04
2533,6.10E-04
2534,6.10E-04
2535,6.10E-04
2536,6.10E-04
2537,6.10E-04
2538,6.10E-04
2539,6.10E-04
2540,6.10E-04
2541,6.10E-04
2542,6.10E-04
2543,6.10E-04
2544,6.10E-04
2545,6.10E-04
2546,6.10E-04
2547,6.10E-04
2548,6.10E-04
2549,6.10E-04
2550,6.10E-04
2551,6.10E-04
2552,6.10E-04
2553,6.10E-04
2554,6.10E-04
2555,6.10E-04
2556,6.10E-04
2557,6.10E-04
2558,6.10E-04
2559,6.10E-04
2560,6.10E-04
2561,6.10E-04
2562,6.10E-04
2563,6.10E-04
2564,6.10E-04
2565,6.10E-04
2566,6.10E-04
2567,6.10E-04
2568,6.10E-04
2569,6.10E-04
2570,6.10E-04
2571,6.10E-04
2572,6.10E-04
2573,6.10E-04
2574,6.10E-04
2575,6.10E-04
2576,6.10E-04
2577,6.10E-04
2578,6.10E-04
2579,6.10E-04
2580,6.10E-04
2581,6.10E-04
2582,6.10E-04
2583,6.10E-04
2584,6.10E-04
2585,6.10E-04
2586,6.10E-04
2587,6.10E-04
2588,6.10E-04
2589,6.10E-04
2590,6.10E-04
2591,6.10E-04
2592,6.10E-04
2593,6.10E-04
2594,6.10E-04
2595,6.10E-04
2596,6.10E-04
2597,6.10E-04
2598,6.10E-04
2599,6.10E-04
2600,6.10E-04
2601,6.10E-04
2602,6.10E-04
2603,6.10E-04
2604,6.10E-04
2605,6.10E-04
2606,6.10E-04
2607,6.10E-04
2608,6.10E-04
2609,6.10E-04
2610,6.10E-04
2611,6.10E-04
2612,6.10E-04
2613,6.10E-04
2614,6.10E-04
2615,6.10E-04
2616,6.10E-04
2617,6.10E-04
2618,6.10E-04
2619,6.10E-04
2620,6.10E-04
2621,6.10E-04
2622,6.10E-04
2623,6.10E-04
2624,6.10E-04
2625,6.10E-04
2626,6.10E-04
2627,6.10E-04
2628,6.10E-04
2629,6.10E-04
2630,6.10E-04
2631,6.10E-04
2632,6.10E-04
2633,6.10E-04
2634,6.10E-04
2635,6.10E-04
2636,6.10E-04
2637,6.10E-04
2638,6.10E-04
2639,6.10E-04
2640,6.10E-04
2641,6.10E-04
2642,6.10E-04
2643,6.10E-04
2644,6.10E-04
2645,6.10E-04
2646,6.10E-04
2647,6.10E-04
2648,6.10E-04
2649,6.10E-04
2650,6.10E-04
2651,6.10E-04
2652,6.10E-04
2653,6.10E-04
2654,6.10E-04
2655,6.10E-04
2656,6.10E-04
2657,6.10E-04
2658,6.10E-04
2659,6.10E-04
2660,6.10E-04
2661,6.10E-04
2662,6.10E-04
2663,6.10E-04
2664,6.10E-04
2665,6.10E-04
2666,6.10E-04
2667,6.10E-04
2668,6.10E-04
2669,6.10E-04
2670,6.10E-04
2671,6.10E-04
2672,6.10E-04
2673,6.10E-04
2674,6.10E-04
2675,6.10E-04
2676,6.10E-04
2677,6.10E-04
2678,6.10E-04
2679,6.10E-04
2680,6.10E-04
2681,6.10E-04
2682,6.10E-04
2683,6.10E-04
2684,6.10E-04
2685,6.10E-04
2686,6.10E-04
2687,6.10E-04
2688,6.10E-04
2689,6.10E-04
2690,6.10E-04
2691,6.10E-04
2692,6.10E-04
2693,6.10E-04
2694,6.10E-04
2695,6.10E-04
2696,6.10E-04
2697,6.10E-04
2698,6.10E-04
2699,6.10E-04
2700,6.10E-04
2701,6.10E-04
2702,6.10E-04
2703,6.10E-04
2704,6.10E-04
2705,6.10E-04
2706,6.10E-04
2707,6.10E-04
2708,6.10E-04
2709,6.10E-04
2710,6.10E-04
2711,6.10E-04
2712,6.10E-04
2713,6.10E-04
2714,6.10E-04
2715,6.10E-04
2716,6.10E-04
2717,6.10E-04
2718,6.10E-04
2719,6.10E-04
2720,6.10E-04
2721,6.10E-04
2722,6.10E-04
2723,6.10E-04
2724,6.10E-04
2725,6.10E-04
2726,6.10E-04
2727,6.10E-04
2728,6.10E-04
2729,6.10E-04
2730,6.10E-04
2731,6.10E-04
2732,6.10E-04
2733,6.10E-04
2734,6.10E-04
2735,6.10E-04
2736,6.10E-04
2737,6.10E-04
2738,6.10E-04
2739,6.10E-04
2740,6.10E-04
2741,6.10E-04
2742,6.10E-04
2743,6.10E-04
2744,6.10E-04
2745,6.10E-04
2746,6.10E-04
2747,6.10E-04
2748,6.10E-04
2749,6.10E-04
2750,6.10E-04
2751,6.10E-04
2752,6.10E-04
2753,6.10E-04
2754,6.10E-04
2755,6.10E-04
2756,6.10E-04
2757,6.10E-04
2758,6.10E-04
2759,6.10E-04
2760,6.10E-04
2761,6.10E-04
2762,6.10E-04
2763,6.10E-04
2764,6.10E-04
2765,6.10E-04
2766,6.10E-04
2767,6.10E-04
2768,6.10E-04
2769,6.10E-04
2770,6.10E-04
2771,6.10E-04
2772,6.10E-04
2773,6.10E-04
2774,6.10E-04
2775,6.10E-04
2776,6.10E-04
2777,6.10E-04
2778,6.10E-04
2779,6.10E-04
2780,6.10E-04
2781,6.10E-04
2782,6.10E-04
2783,6.10E-04
2784,6.10E-04
2785,6.10E-04
2786,6.10E-04
2787,6.10E-04
2788,6.10E-04
2789,6.10E-04
2790,6.10E-04
2791,6.10E-04
2792,6.10E-04
2793,6.10E-04
2794,6.10E-04
2795,6.10E-04
2796,6.10E-04
2797,6.10E-04
2798,6.10E-04
2799,6.10E-04
2800,6.10E-04
2801,6.10E-04
2802,6.10E-04
2803,6.10E-04
2804,6.10E-04
2805,6.10E-04
2806,6.10E-04
2807,6.10E-04
2808,6.10E-04
2809,6.10E-04
2810,6.10E-04
2811,6.10E-04
2812,6.10E-04
2813,6.10E-04
2814,6.10E-04
2815,6.10E-04
2816,6.10E-04
2817,6.10E-04
2818,6.10E-04
2819,6.10E-04
2820,6.10E-04
2821,6.10E-04
2822,6.10E-04
2823,6.10E-04
2824,6.10E-04
2825,6.10E-04
2826,6.10E-04
2827,6.10E-04
2828,6.10E-04
2829,6.10E-04
2830,6.10E-04
2831,6.10E-04
2832,6.10E-04
2833,6.10E-04
2834,6.10E-04
2835,6.10E-04
2836,6.10E-04
2837,6.10E-04
2838,6.10E-04
2839,6.10E-04
2840,6.10E-04
2841,6.10E-04
2842,6.10E-04
2843,6.10E-04
2844,6.10E-04
2845,6.10E-04
2846,6.10E-04
2847,6.10E-04
2848,6.10E-04
2849,6.10E-04
2850,6.10E-04
2851,6.10E-04
2852,6.10E-04
2853,6.10E-04
2854,6.10E-04
2855,6.10E-04
2856,6.10E-04
2857,6.10E-04
2858,6.10E-04
2859,6.10E-04
2860,6.10E-04
2861,6.10E-04
2862,6.10E-04
2863,6.10E-04
2864,6.10E-04
2865,6.10E-04
2866,6.10E-04
2867,6.10E-04
2868,6.10E-04
2869,6.10E-04
2870,6.10E-04
2871,6.10E-04
2872,6.10E-04
2873,6.10E-04
2874,6.10E-04
2875,6.10E-04
2876,6.10E-04
2877,6.10E-04
2878,6.10E-04
2879,6.10E-04
2880,6.10E-04
2881,6.10E-04
2882,6.10E-04
2883,6.10E-04
2884,6.10E-04
2885,6.10E-04
2886,6.10E-04
2887,6.10E-04
2888,6.10E-04
2889,6.10E-04
2890,6.10E-04
2891,6.10E-04
2892,6.10E-04
2893,6.10E-04
2894,6.10E-04
2895,6.10E-04
2896,6.10E-04
2897,6.10E-04
2898,6.10E-04
2899,6.10E-04
2900,6.10E-04
2901,6.10E-04
2902,6.10E-04
2903,6.10E-04
2904,6.10E-04
2905,6.10E-04
2906,6.10E-04
2907,6.10E-04
2908,6.10E-04
2909,6.10E-04
2910,6.10E-04
2911,6.10E-04
2912,6.10E-04
2913,6.10E-04
2914,6.10E-04
2915,6.10E-04
2916,6.10E-04
2917,6.10E-04
2918,6.10E-04
2919,6.10E-04
2920,6.10E-04
2921,6.10E-04
2922,6.10E-04
2923,6.10E-04
2924,6.10E-04
2925,6.10E-04
2926,6.10E-04
2927,6.10E-04
2928,6.10E-04
2929,6.10E-04
2930,6.10E-04
2931,6.10E-04
2932,6.10E-04
2933,6.10E-04
2934,6.10E-04
2935,6.10E-04
2936,6.10E-04
2937,6.10E-04
2938,6.10E-04
2939,6.10E-04
2940,6.10E-04
2941,6.10E-04
2942,6.10E-04
2943,6.10E-04
2944,6.10E-04
2945,6.10E-04
2946,6.10E-04
2947,6.10E-04
2948,6.10E-04
2949,6.10E-04
2950,6.10E-04
2951,6.10E-04
2952,6.10E-04
2953,6.10E-04
2954,6.10E-04
2955,6.10E-04
2956,6.10E-04
2957,6.10E-04
2958,6.10E-04
2959,6.10E-04
2960,6.10E-04
2961,6.10E-04
2962,6.10E-04
2963,6.10E-04
2964,6.10E-04
2965,6.10E-04
2966,6.10E-04
2967,6.10E-04
2968,6.10E-04
2969,6.10E-04
2970,6.10E-04
2971,6.10E-04
2972,6.10E-04
2973,6.10E-04
2974,6.10E-04
2975,6.10E-04
2976,6.10E-04
2977,6.10E-04
2978,6.10E-04
2979,6.10E-04
2980,6.10E-04
2981,6.10E-04
2982,6.10E-04
2983,6.10E-04
2984,6.10E-04
2985,6.10E-04
2986,6.10E-04
2987,6.10E-04
2988,6.10E-04
2989,6.10E-04
2990,6.10E-04
2991,6.10E-04
2992,6.10E-04
2993,6.10E-04
2994,6.10E-04
2995,6.10E-04
2996,6.10E-04
2997,6.10E-04
2998,6.10E-04
2999,6.10E-04
3000,6.10E-04
3001,6.10E-04
3002,6.10E-04
3003,6.10E-04
3004,6.10E-04
3005,6.10E-04
3006,6.10E-04
3007,6.10E-04
3008,6.10E-04
3009,6.10E-04
3010,6.10E-04
3011,6.10E-04
3012,6.10E-04
3013,6.10E-04
3014,6.10E-04
3015,6.10E-04
3016,6.10E-04
3017,6.10E-04
3018,6.10E-04
3019,6.10E-04
3020,6.10E-04
3021,6.10E-04
3022,6.10E-04
3023,6.10E-04
3024,6.10E-04
3025,6.10E-04
3026,6.10E-04
3027,6.10E-04
3028,6.10E-04
3029,6.10E-04
3030,6.10E-04
3031,6.10E-04
3032,6.10E-04
3033,6.10E-04
3034,6.10E-04
3035,6.10E-04
3036,6.10E-04
3037,6.10E-04
3038,6.10E-04
3039,6.10E-04
3040,6.10E-04
3041,6.10E-04
3042,6.10E-04
3043,6.10E-04
3044,6.10E-04
3045,6.10E-04
3046,6.10E-04
3047,6.10E-04
3048,6.10E-04
3049,6.10E-04
3050,6.10E-04
3051,6.10E-04
3052,6.10E-04
3053,6.10E-04
3054,6.10E-04
3055,6.10E-04
3056,6.10E-04
3057,6.10E-04
3058,6.10E-04
3059,6.10E-04
3060,6.10E-04
3061,6.10E-04
3062,6.10E-04
3063,6.10E-04
3064,6.10E-04
3065,6.10E-04
3066,6.10E-04
3067,6.10E-04
3068,6.10E-04
3069,6.10E-04
3070,6.10E-04
3071,6.10E-04
3072,6.10E-04
3073,6.10E-04
3074,6.10E-04
3075,6.10E-04
3076,6.10E-04
3077,6.10E-04
3078,6.10E-04
3079,6.10E-04
3080,6.10E-04
3081,6.10E-04
3082,6.10E-04
3083,6.10E-04
3084,6.10E-04
3085,6.10E-04
3086,6.10E-04
3087,6.10E-04
3088,6.10E-04
3089,6.10E-04
3090,6.10E-04
3091,6.10E-04
3092,6.10E-04
3093,6.10E-04
3094,6.10E-04
3095,6.10E-04
3096,6.10E-04
3097,6.10E-04
3098,6.10E-04
3099,6.10E-04
3100,6.10E-04
3101,6.10E-04
3102,6.10E-04
3103,6.10E-04
3104,6.10E-04
3105,6.10E-04
3106,6.10E-04
3107,6.10E-04
3108,6.10E-04
3109,6.10E-04
3110,6.10E-04
3111,6.10E-04
3112,6.10E-04
3113,6.10E-04
3114,6.10E-04
3115,6.10E-04
3116,6.10E-04
3117,6.10E-04
3118,6.10E-04
3119,6.10E-04
3120,6.10E-04
3121,6.10E-04
3122,6.10E-04
3123,6.10E-04
3124,6.10E-04
3125,6.10E-04
3126,6.10E-04
3127,6.10E-04
3128,6.10E-04
3129,6.10E-04
3130,6.10E-04
3131,6.10E-04
3132,6.10E-04
3133,6.10E-04
3134,6.10E-04
3135,6.10E-04
3136,6.10E-04
3137,6.10E-04
3138,6.10E-04
3139,6.10E-04
3140,6.10E-04
3141,6.10E-04
3142,6.10E-04
3143,6.10E-04
3144,6.10E-04
3145,6.10E-04
3146,6.10E-04
3147,6.10E-04
3148,6.10E-04
3149,6.10E-04
3150,6.10E-04
3151,6.10E-04
3152,6.10E-04
3153,6.10E-04
3154,6.10E-04
3155,6.10E-04
3156,6.10E-04
3157,6.10E-04
3158,6.10E-04
3159,6.10E-04
3160,6.10E-04
3161,6.10E-04
3162,6.10E-04
3163,6.10E-04
3164,6.10E-04
3165,6.10E-04
3166,6.10E-04
3167,6.10E-04
3168,6.10E-04
3169,6.10E-04
3170,6.10E-04
3171,6.10E-04
3172,6.10E-04
3173,6.10E-04
3174,6.10E-04
3175,6.10E-04
3176,6.10E-04
3177,6.10E-04
3178,6.10E-04
3179,6.10E-04
3180,6.10E-04
3181,6.10E-04
3182,6.10E-04
3183,6.10E-04
3184,6.10E-04
3185,6.10E-04
3186,6.10E-04
3187,6.10E-04
3188,6.10E-04
3189,6.10E-04
3190,6.10E-04
3191,6.10E-04
3192,6.10E-04
3193,6.10E-04
3194,6.10E-04
3195,6.10E-04
3196,6.10E-04
3197,6.10E-04
3198,6.10E-04
3199,6.10E-04
3200,6.10E-04
3201,6.10E-04
3202,6.10E-04
3203,6.10E-04
3204,6.10E-04
3205,6.10E-04
3206,6.10E-04
3207,6.10E-04
3208,6.10E-04
3209,6.10E-04
3210,6.10E-04
3211,6.10E-04
3212,6.10E-04
3213,6.10E-04
3214,6.10E-04
3215,6.10E-04
3216,6.10E-04
3217,6.10E-04
3218,6.10E-04
3219,6.10E-04
3220,6.10E-04
3221,6.10E-04
3222,6.10E-04
3223,6.10E-04
3224,6.10E-04
3225,6.10E-04
3226,6.10E-04
3227,6.10E-04
3228,6.10E-04
3229,6.10E-04
3230,6.10E-04
3231,6.10E-04
3232,6.10E-04
3233,6.10E-04
3234,6.10E-04
3235,6.10E-04
3236,6.10E-04
3237,6.10E-04
3238,6.10E-04
3239,6.10E-04
3240,6.10E-04
3241,6.10E-04
3242,6.10E-04
3243,6.10E-04
3244,6.10E-04
3245,6.10E-04
3246,6.10E-04
3247,6.10E-04
3248,6.10E-04
3249,6.10E-04
3250,6.10E-04
3251,6.10E-04
3252,6.10E-04
3253,6.10E-04
3254,6.10E-04
3255,6.10E-04
3256,6.10E-04
3257,6.10E-04
3258,6.10E-04
3259,6.10E-04
3260,6.10E-04
3261,6.10E-04
3262,6.10E-04
3263,6.10E-04
3264,6.10E-04
3265,6.10E-04
3266,6.10E-04
3267,6.10E-04
3268,6.10E-04
3269,6.10E-04
3270,6.10E-04
3271,6.10E-04
3272,6.10E-04
3273,6.10E-04
3274,6.10E-04
3275,6.10E-04
3276,6.10E-04
3277,6.10E-04
3278,6.10E-04
3279,6.10E-04
3280,6.10E-04
3281,6.10E-04
3282,6.10E-04
3283,6.10E-04
3284,6.10E-04
3285,6.10E-04
3286,6.10E-04
3287,6.10E-04
3288,6.10E-04
3289,6.10E-04
3290,6.10E-04
3291,6.10E-04
3292,6.10E-04
3293,6.10E-04
3294,6.10E-04
3295,6.10E-04
3296,6.10E-04
3297,6.10E-04
3298,6.10E-04
3299,6.10E-04
3300,6.10E-04
3301,6.10E-04
3302,6.10E-04
3303,6.10E-04
3304,6.10E-04
3305,6.10E-04
3306,6.10E-04
3307,6.10E-04
3308,6.10E-04
3309,6.10E-04
3310,6.10E-04
3311,6.10E-04
3312,6.10E-04
3313,6.10E-04
3314,6.10E-04
3315,6.10E-04
3316,6.10E-04
3317,6.10E-04
3318,6.10E-04
3319,6.10E-04
3320,6.10E-04
3321,6.10E-04
3322,6.10E-04
3323,6.10E-04
3324,6.10E-04
3325,6.10E-04
3326,6.10E-04
3327,6.10E-04
3328,6.10E-04
3329,6.10E-04
3330,6.10E-04
3331,6.10E-04
3332,6.10E-04
3333,6.10E-04
3334,6.10E-04
3335,6.10E-04
3336,6.10E-04
3337,6.10E-04
3338,6.10E-04
3339,6.10E-04
3340,6.10E-04
3341,6.10E-04
3342,6.10E-04
3343,6.10E-04
3344,6.10E-04
3345,6.10E-04
3346,6.10E-04
3347,6.10E-04
3348,6.10E-04
3349,6.10E-04
3350,6.10E-04
3351,6.10E-04
3352,6.10E-04
3353,6.10E-04
3354,6.10E-04
3355,6.10E-04
3356,6.10E-04
3357,6.10E-04
3358,6.10E-04
3359,6.10E-04
3360,6.10E-04
3361,6.10E-04
3362,6.10E-04
3363,6.10E-04
3364,6.10E-04
3365,6.10E-04
3366,6.10E-04
3367,6.10E-04
3368,6.10E-04
3369,6.10E-04
3370,6.10E-04
3371,6.10E-04
3372,6.10E-04
3373,6.10E-04
3374,6.10E-04
3375,6.10E-04
3376,6.10E-04
3377,6.10E-04
3378,6.10E-04
3379,6.10E-04
3380,6.10E-04
3381,6.10E-04
3382,6.10E-04
3383,6.10E-04
3384,6.10E-04
3385,6.10E-04
3386,6.10E-04
3387,6.10E-04
3388,6.10E-04
3389,6.10E-04
3390,6.10E-04
3391,6.10E-04
3392,6.10E-04
3393,6.10E-04
3394,6.10E-04
3395,6.10E-04
3396,6.10E-04
3397,6.10E-04
3398,6.10E-04
3399,6.10E-04
3400,6.10E-04
3401,6.10E-04
3402,6.10E-04
3403,6.10E-04
3404,6.10E-04
3405,6.10E-04
3406,6.10E-04
3407,6.10E-04
3408,6.10E-04
3409,6.10E-04
3410,6.10E-04
3411,6.10E-04
3412,6.10E-04
3413,6.10E-04
3414,6.10E-04
3415,6.10E-04
3416,6.10E-04
3417,6.10E-04
3418,6.10E-04
3419,6.10E-04
3420,6.10E-04
3421,6.10E-04
3422,6.10E-04
3423,6.10E-04
3424,6.10E-04
3425,6.10E-04
3426,6.10E-04
3427,6.10E-04
3428,6.10E-04
3429,6.10E-04
3430,6.10E-04
3431,6.10E-04
3432,6.10E-04
3433,6.10E-04
3434,6.10E-04
3435,6.10E-04
3436,6.10E-04
3437,6.10E-04
3438,6.10E-04
3439,6.10E-04
3440,6.10E-04
3441,6.10E-04
3442,6.10E-04
3443,6.10E-04
3444,6.10E-04
3445,6.10E-04
3446,6.10E-04
3447,6.10E-04
3448,6.10E-04
3449,6.10E-04
3450,6.10E-04
3451,6.10E-04
3452,6.10E-04
3453,6.10E-04
3454,6.10E-04
3455,6.10E-04
3456,6.10E-04
3457,6.10E-04
3458,6.10E-04
3459,6.10E-04
3460,6.10E-04
3461,6.10E-04
3462,6.10E-04
3463,6.10E-04
3464,6.10E-04
3465,6.10E-04
3466,6.10E-04
3467,6.10E-04
3468,6.10E-04
3469,6.10E-04
3470,6.10E-04
3471,6.10E-04
3472,6.10E-04
3473,6.10E-04
3474,6.10E-04
3475,6.10E-04
3476,6.10E-04
3477,6.10E-04
3478,6.10E-04
3479,6.10E-04
3480,6.10E-04
3481,6.10E-04
3482,6.10E-04
3483,6.10E-04
3484,6.10E-04
3485,6.10E-04
3486,6.10E-04
3487,6.10E-04
3488,6.10E-04
3489,6.10E-04
3490,6.10E-04
3491,6.10E-04
3492,6.10E-04
3493,6.10E-04
3494,6.10E-04
3495,6.10E-04
3496,6.10E-04
3497,6.10E-04
3498,6.10E-04
3499,6.10E-04
3500,6.10E-04
3501,6.10E-04
3502,6.10E-04
3503,6.10E-04
3504,6.10E-04
3505,6.10E-04
3506,6.10E-04
3507,6.10E-04
3508,6.10E-04
3509,6.10E-04
3510,6.10E-04
3511,6.10E-04
3512,6.10E-04
3513,6.10E-04
3514,6.10E-04
3515,6.10E-04
3516,6.10E-04
3517,6.10E-04
3518,6.10E-04
3519,6.10E-04
3520,6.10E-04
3521,6.10E-04
3522,6.10E-04
3523,6.10E-04
3524,6.10E-04
3525,6.10E-04
3526,6.10E-04
3527,6.10E-04
3528,6.10E-04
3529,6.10E-04
3530,6.10E-04
3531,6.10E-04
3532,6.10E-04
3533,6.10E-04
3534,6.10E-04
3535,6.10E-04
3536,6.10E-04
3537,6.10E-04
3538,6.10E-04
3539,6.10E-04
3540,6.10E-04
3541,6.10E-04
3542,6.10E-04
3543,6.10E-04
3544,6.10E-04
3545,6.10E-04
3546,6.10E-04
3547,6.10E-04
3548,6.10E-04
3549,6.10E-04
3550,6.10E-04
3551,6.10E-04
3552,6.10E-04
3553,6.10E-04
3554,6.10E-04
3555,6.10E-04
3556,6.10E-04
3557,6.10E-04
3558,6.10E-04
3559,6.10E-04
3560,6.10E-04
3561,6.10E-04
3562,6.10E-04
3563,6.10E-04
3564,6.10E-04
3565,6.10E-04
3566,6.10E-04
3567,6.10E-04
3568,6.10E-04
3569,6.10E-04
3570,6.10E-04
3571,6.10E-04
3572,6.10E-04
3573,6.10E-04
3574,6.10E-04
3575,6.10E-04
3576,6.10E-04
3577,6.10E-04
3578,6.10E-04
3579,6.10E-04
3580,6.10E-04
3581,6.10E-04
3582,6.10E-04
3583,6.10E-04
3584,6.10E-04
3585,6.10E-04
3586,6.10E-04
3587,6.10E-04
3588,6.10E-04
3589,6.10E-04
3590,6.10E-04
3591,6.10E-04
3592,6.10E-04
3593,6.10E-04
3594,6.10E-04
3595,6.10E-04
3596,6.10E-04
3597,6.10E-04
3598,6.10E-04
3599,6.10E-04
3600,6.10E-04
 1 
 0 
 0 
 3599 
 0 
 3600 
 0 
 0 
 0 
 0 
 0 
 0 
 0 
 0 
 0 
 0 
