ScannerPro Engine data log recorded on 01/28/2013 19:38:01,,,,,,,
,Time,RPM,Manifold Pressure,TPS Angle,Idle Switch,Injector PW,
Sample #,Seconds,RPM,mBar,degrees,,ms,us
1,0,1078,27,10.29,Idle,1.96,1960
2,0.127,1078,27,10.29,Idle,1.96,1960
3,0.255,1081,325,10.29,Idle,1.28,1280
4,0.383,1081,325,10.29,Idle,1.28,1280
5,0.51,1081,325,10.29,Idle,1.28,1280
6,0.638,1080,325,10.29,Idle,1.28,1280
7,0.766,1080,325,10.29,Open,1.28,1280
8,0.893,1076,325,10.29,Open,1.25,1250
9,1.037,1076,325,10.29,Open,1.25,1250
10,1.165,1076,325,10.29,Open,1.25,1250
11,1.308,1079,325,10.29,Open,1.28,1280
12,1.436,1079,325,10.29,Open,1.28,1280
13,1.564,1079,325,10.29,Open,1.28,1280
14,1.691,1078,325,10.29,Open,1.25,1250
15,1.819,1078,325,10.29,Open,1.25,1250
16,1.947,1077,325,10.29,Open,1.25,1250
17,2.074,1077,325,10.29,Open,1.25,1250
18,2.202,1077,325,10.29,Open,1.25,1250
19,2.33,1079,325,10.29,Open,1.28,1280
20,2.457,1079,325,10.29,Open,1.28,1280
21,2.585,1079,325,10.29,Open,1.28,1280
22,2.713,1078,325,10.29,Open,1.25,1250
23,2.84,1078,325,10.29,Open,1.25,1250
24,2.968,1078,325,10.29,Open,1.25,1250
25,3.112,1078,325,10.29,Open,1.25,1250
26,3.239,1078,325,10.29,Open,1.25,1250
27,3.367,1079,325,10.29,Open,1.25,1250
28,3.495,1079,325,10.29,Open,1.25,1250
29,3.622,1079,325,10.29,Open,1.25,1250
30,3.75,1079,325,10.29,Open,1.25,1250
31,3.878,1079,325,10.29,Open,1.25,1250
32,4.021,1078,325,10.29,Open,1.28,1280
33,4.15,1078,325,10.29,Open,1.28,1280
34,4.277,1078,325,10.29,Open,1.28,1280
35,4.404,1078,325,10.29,Open,1.28,1280
36,4.532,1078,325,10.29,Open,1.28,1280
37,4.66,1078,325,10.29,Open,1.28,1280
38,4.803,1080,325,10.29,Open,1.25,1250
39,4.946,1080,325,10.29,Open,1.25,1250
40,5.075,1081,325,10.29,Open,1.25,1250
41,5.202,1081,325,10.29,Open,1.25,1250
42,5.33,1081,325,10.29,Open,1.25,1250
43,5.474,1077,325,10.29,Open,1.25,1250
44,5.601,1077,325,10.29,Open,1.25,1250
45,5.729,1077,325,10.29,Open,1.25,1250
46,5.873,1077,325,10.29,Open,1.25,1250
47,6,1077,325,10.29,Open,1.25,1250
48,6.144,1077,325,10.29,Open,1.25,1250
49,6.272,1077,325,10.29,Open,1.25,1250
50,6.399,1077,325,10.29,Open,1.25,1250
51,6.543,1081,325,10.29,Open,1.25,1250
52,6.671,1081,325,10.29,Open,1.25,1250
53,6.798,1081,325,10.29,Open,1.25,1250
54,6.942,1076,325,10.29,Open,1.25,1250
55,7.07,1076,325,10.29,Open,1.25,1250
56,7.197,1078,325,10.29,Open,1.25,1250
57,7.325,1078,325,10.29,Open,1.25,1250
58,7.453,1078,325,10.29,Open,1.25,1250
59,7.596,1080,325,10.29,Open,1.25,1250
60,7.724,1080,325,10.29,Open,1.25,1250
61,7.852,1080,325,10.29,Open,1.25,1250
62,7.979,1260,325,10.29,Open,1.26,1260
63,8.107,1260,325,10.29,Open,1.26,1260
64,8.235,1313,325,10.29,Open,1.26,1260
65,8.378,1313,325,10.29,Open,1.26,1260
66,8.506,1313,325,10.29,Open,1.26,1260
67,8.634,1494,325,10.29,Open,1.26,1260
68,8.745,1494,325,10.29,Open,1.26,1260
69,8.873,1494,325,10.29,Open,1.26,1260
70,9.017,1678,325,10.29,Open,1.26,1260
71,9.144,1678,325,10.29,Open,1.26,1260
72,9.272,1737,325,10.29,Open,1.27,1270
73,9.4,1737,325,10.29,Open,1.27,1270
74,9.527,1737,325,10.29,Open,1.27,1270
75,9.655,1863,325,10.29,Open,1.31,1310
76,9.783,1863,325,10.29,Open,1.31,1310
77,9.911,1863,325,10.29,Open,1.31,1310
78,10.038,2043,325,10.29,Open,1.27,1270
79,10.166,2043,325,10.29,Open,1.27,1270
80,10.294,2165,325,10.29,Open,1.27,1270
81,10.421,2165,325,10.29,Open,1.27,1270
82,10.549,2165,325,10.29,Open,1.27,1270
83,10.677,2283,325,10.29,Open,1.26,1260
84,10.804,2283,325,10.29,Open,1.26,1260
85,10.932,2283,325,10.29,Open,1.26,1260
86,11.06,2396,325,10.29,Open,1.3,1300
87,11.187,2396,325,10.29,Open,1.3,1300
88,11.331,2521,325,10.29,Open,1.26,1260
89,11.475,2521,325,10.29,Open,1.26,1260
90,11.602,2521,325,10.29,Open,1.26,1260
91,11.73,2685,325,10.29,Open,1.26,1260
92,11.858,2685,325,10.29,Open,1.26,1260
93,11.985,2685,325,10.29,Open,1.26,1260
94,12.113,2815,325,10.29,Open,1.25,1250
95,12.241,2815,325,10.29,Open,1.25,1250
96,12.384,2929,325,10.29,Open,1.24,1240
97,12.512,2929,325,10.29,Open,1.24,1240
98,12.64,2929,325,10.29,Open,1.24,1240
99,12.783,3046,325,10.29,Open,1.28,1280
100,12.911,3046,325,10.29,Open,1.28,1280
101,13.039,3046,325,10.29,Open,1.28,1280
102,13.182,3227,325,10.29,Open,1.22,1220
103,13.31,3227,325,10.29,Open,1.22,1220
104,13.454,3347,325,10.29,Open,1.22,1220
105,13.581,3347,325,10.29,Open,1.22,1220
106,13.709,3347,325,10.29,Open,1.22,1220
107,13.853,3475,325,10.29,Open,1.21,1210
108,13.98,3475,325,10.29,Open,1.21,1210
109,14.108,3475,325,10.29,Open,1.21,1210
110,14.236,3680,325,10.29,Open,1.21,1210
111,14.365,3680,325,10.29,Open,1.21,1210
112,14.507,3792,325,10.29,Open,1.21,1210
113,14.634,3792,325,10.29,Open,1.21,1210
114,14.762,3792,325,10.29,Open,1.21,1210
115,14.89,3911,325,10.29,Open,1.25,1250
116,15.018,3911,325,10.29,Open,1.25,1250
117,15.145,3911,325,10.29,Open,1.25,1250
118,15.289,4006,325,10.29,Open,1.27,1270
119,15.417,4006,325,10.29,Open,1.27,1270
120,15.544,4142,325,10.29,Open,1.31,1310
121,15.688,4142,325,10.29,Open,1.31,1310
122,15.816,4142,325,10.29,Open,1.31,1310
123,15.959,4344,325,10.29,Open,1.28,1280
124,16.087,4344,325,10.29,Open,1.28,1280
125,16.215,4344,325,10.29,Open,1.28,1280
126,16.342,4400,325,10.29,Open,1.27,1270
127,16.47,4400,325,10.29,Open,1.27,1270
128,16.598,4532,325,10.29,Open,1.64,1640
129,16.725,4532,325,10.29,Open,1.64,1640
130,16.853,4532,325,10.29,Open,1.64,1640
131,16.981,4694,325,10.29,Open,1.66,1660
132,17.108,4694,325,10.29,Open,1.66,1660
133,17.236,4694,325,10.29,Open,1.66,1660
134,17.364,4751,325,10.29,Open,1.7,1700
135,17.491,4751,325,10.29,Open,1.7,1700
136,17.619,4923,325,10.29,Open,1.7,1700
137,17.747,4923,325,10.29,Open,1.7,1700
138,17.874,4923,325,10.29,Open,1.7,1700
139,18.018,5007,325,10.29,Open,3.65,3650
140,18.146,5007,325,10.29,Open,3.65,3650
141,18.273,5007,325,10.29,Open,3.65,3650
142,18.401,5185,325,10.29,Open,1.6,1600
143,18.529,5185,325,10.29,Open,1.6,1600
144,18.672,5281,325,10.29,Open,1.7,1700
145,18.8,5281,325,10.29,Open,1.7,1700
146,18.928,5281,325,10.29,Open,1.7,1700
147,19.055,5413,325,10.29,Open,3.55,3550
148,19.183,5413,325,10.29,Open,3.55,3550
149,19.311,5413,325,10.29,Open,3.55,3550
150,19.454,5593,325,10.29,Open,1.51,1510
151,19.582,5593,325,10.29,Open,1.51,1510
152,19.71,5719,325,10.29,Open,1.67,1670
153,19.837,5719,325,10.29,Open,1.67,1670
154,19.965,5719,325,10.29,Open,1.67,1670
155,20.093,5772,325,10.29,Open,1.66,1660
156,20.22,5772,325,10.29,Open,1.66,1660
157,20.348,5772,325,10.29,Open,1.66,1660
158,20.476,5897,325,10.29,Open,1.66,1660
159,20.603,5897,325,10.29,Open,1.66,1660
160,20.731,6023,325,10.29,Open,1.66,1660
161,20.859,6023,325,10.29,Open,1.66,1660
162,20.986,6023,325,10.29,Open,1.66,1660
163,21.114,6187,325,10.29,Open,1.66,1660
164,21.242,6187,325,10.29,Open,1.66,1660
165,21.369,6187,325,10.29,Open,1.66,1660
166,21.497,6298,325,10.29,Open,3.56,3560
167,21.625,6298,325,10.29,Open,3.56,3560
168,21.753,6375,325,10.29,Open,3.51,3510
169,21.896,6375,325,10.29,Open,3.51,3510
170,22.024,6375,325,10.29,Open,3.51,3510
171,22.167,6491,325,10.29,Open,3.48,3480
172,22.295,6491,325,10.29,Open,3.48,3480
173,22.423,6491,325,10.29,Open,3.48,3480
174,22.566,6557,325,10.29,Open,3.47,3470
175,22.694,6557,325,10.29,Open,3.47,3470
176,22.838,6671,325,10.29,Open,3.47,3470
177,22.966,6671,325,10.29,Open,3.47,3470
178,23.093,6671,325,10.29,Open,3.47,3470
179,23.237,6684,331,10.29,Open,1.64,1640
180,23.364,6684,331,10.29,Open,1.64,1640
181,23.492,6684,331,10.29,Open,1.64,1640
182,23.636,6598,344,10.29,Open,1.75,1750
183,23.763,6598,344,10.29,Open,1.75,1750
184,23.907,6624,344,10.29,Open,1.75,1750
185,24.051,6624,344,10.29,Open,1.75,1750
186,24.178,6624,344,10.29,Open,1.75,1750
187,24.306,6551,383,10.29,Open,1.92,1920
188,24.434,6551,383,10.29,Open,1.92,1920
189,24.561,6551,383,10.29,Open,1.92,1920
190,24.689,6502,416,10.29,Open,2.08,2080
191,24.817,6502,416,10.29,Open,2.08,2080
192,24.944,6585,435,10.29,Open,2.13,2130
193,25.072,6585,435,10.29,Open,2.13,2130
194,25.2,6585,435,10.29,Open,2.13,2130
195,25.328,6633,435,10.29,Open,2.14,2140
196,25.455,6633,435,10.29,Open,2.14,2140
197,25.583,6633,435,10.29,Open,2.14,2140
198,25.711,6544,435,10.29,Open,2.13,2130
199,25.838,6544,435,10.29,Open,2.13,2130
200,25.982,6391,435,10.29,Open,2.13,2130
201,26.11,6391,435,10.29,Open,2.13,2130
202,26.237,6391,435,10.29,Open,2.13,2130
203,26.382,6183,435,10.29,Open,2.14,2140
204,26.508,6183,435,10.29,Open,2.14,2140
205,26.636,6183,435,10.29,Open,2.14,2140
206,26.764,6123,435,10.29,Open,2.13,2130
207,26.891,6123,435,10.29,Open,2.13,2130
208,27.035,6003,435,10.29,Open,2.14,2140
209,27.163,6003,435,10.29,Open,2.14,2140
210,27.29,6003,435,10.29,Open,2.14,2140
211,27.418,5892,435,10.29,Open,2.13,2130
212,27.546,5892,435,10.29,Open,2.13,2130
213,27.674,5892,435,10.29,Open,2.13,2130
214,27.817,5742,435,10.29,Open,2.14,2140
215,27.945,5742,435,10.29,Open,2.14,2140
216,28.073,5612,435,10.29,Open,2.14,2140
217,28.216,5612,435,10.29,Open,2.14,2140
218,28.344,5612,435,10.29,Open,2.14,2140
219,28.487,5494,435,10.29,Open,2.14,2140
220,28.615,5494,435,10.29,Open,2.14,2140
221,28.743,5494,435,10.29,Open,2.14,2140
222,28.87,5394,435,10.29,Open,2.16,2160
223,28.998,5394,435,10.29,Open,2.16,2160
224,29.126,5253,435,10.29,Open,2.16,2160
225,29.269,5253,435,10.29,Open,2.16,2160
226,29.397,5253,435,10.29,Open,2.16,2160
227,29.525,5122,435,10.29,Open,2.17,2170
228,29.652,5122,435,10.29,Open,2.17,2170
229,29.78,5122,435,10.29,Open,2.17,2170
230,29.908,5018,435,10.29,Open,2.16,2160
231,30.035,5018,435,10.29,Open,2.16,2160
232,30.179,4871,435,10.29,Open,2.17,2170
233,30.307,4871,435,10.29,Open,2.17,2170
234,30.434,4871,435,10.29,Open,2.17,2170
235,30.562,4690,435,10.29,Open,2.15,2150
236,30.69,4690,435,10.29,Open,2.15,2150
237,30.817,4690,435,10.29,Open,2.15,2150
238,30.961,4516,435,10.29,Open,2.12,2120
239,31.089,4516,435,10.29,Open,2.12,2120
240,31.217,4509,435,10.29,Open,2.11,2110
241,31.36,4509,435,10.29,Open,2.11,2110
242,31.489,4509,435,10.29,Open,2.11,2110
243,31.631,4311,435,10.29,Open,2.07,2070
244,31.759,4311,435,10.29,Open,2.07,2070
245,31.887,4311,435,10.29,Open,2.07,2070
246,32.014,4185,435,10.29,Open,1.83,1830
247,32.142,4185,435,10.29,Open,1.83,1830
248,32.27,4062,435,10.29,Open,1.79,1790
249,32.413,4062,435,10.29,Open,1.79,1790
250,32.541,4062,435,10.29,Open,1.79,1790
251,32.669,3936,435,10.29,Open,1.85,1850
252,32.796,3936,435,10.29,Open,1.85,1850
253,32.924,3936,435,10.29,Open,1.85,1850
254,33.052,3746,435,10.29,Open,1.78,1780
255,33.18,3746,435,10.29,Open,1.78,1780
256,33.323,3717,435,10.29,Open,1.64,1640
257,33.451,3717,435,10.29,Open,1.64,1640
258,33.578,3717,435,10.29,Open,1.64,1640
259,33.722,3537,435,10.29,Open,1.62,1620
260,33.85,3537,435,10.29,Open,1.62,1620
261,33.977,3537,435,10.29,Open,1.62,1620
262,34.121,3419,435,10.29,Open,1.67,1670
263,34.249,3419,435,10.29,Open,1.67,1670
264,34.392,3301,435,10.29,Open,1.59,1590
265,34.536,3301,435,10.29,Open,1.59,1590
266,34.664,3301,435,10.29,Open,1.59,1590
267,34.792,3116,435,10.29,Open,1.56,1560
268,34.903,3116,435,10.29,Open,1.56,1560
269,35.031,3116,435,10.29,Open,1.56,1560
270,35.175,2968,435,10.29,Open,1.56,1560
271,35.302,2968,435,10.29,Open,1.56,1560
272,35.43,2876,435,10.29,Open,1.55,1550
273,35.573,2876,435,10.29,Open,1.55,1550
274,35.701,2876,435,10.29,Open,1.55,1550
275,35.845,2742,435,10.29,Open,1.54,1540
276,35.973,2742,435,10.29,Open,1.54,1540
277,36.1,2742,435,10.29,Open,1.54,1540
278,36.244,2566,435,10.29,Open,1.52,1520
279,36.372,2566,435,10.29,Open,1.52,1520
280,36.517,2450,435,10.29,Open,1.5,1500
281,36.659,2450,435,10.29,Open,1.5,1500
282,36.786,2450,435,10.29,Open,1.5,1500
283,36.93,2331,435,10.29,Open,1.51,1510
284,37.058,2331,435,10.29,Open,1.51,1510
285,37.185,2331,435,10.29,Open,1.51,1510
286,37.329,2210,435,10.29,Open,1.52,1520
287,37.457,2210,435,10.29,Open,1.52,1520
288,37.6,2096,435,10.29,Open,1.52,1520
289,37.728,2096,435,10.29,Open,1.52,1520
290,37.856,2096,435,10.29,Open,1.52,1520
291,37.983,1913,435,10.29,Open,1.53,1530
292,38.111,1913,435,10.29,Open,1.53,1530
293,38.239,1913,435,10.29,Open,1.53,1530
294,38.382,1801,435,10.29,Open,1.54,1540
295,38.51,1801,435,10.29,Open,1.54,1540
296,38.638,1679,435,10.29,Open,1.56,1560
297,38.781,1679,435,10.29,Open,1.56,1560
298,38.909,1679,435,10.29,Open,1.56,1560
299,39.037,1553,435,10.29,Open,1.57,1570
300,39.148,1553,435,10.29,Open,1.57,1570
301,39.276,1553,435,10.29,Open,1.57,1570
302,39.404,1377,435,10.29,Open,1.61,1610
303,39.531,1377,435,10.29,Open,1.61,1610
304,39.66,1321,435,10.29,Open,1.57,1570
305,39.803,1321,435,10.29,Open,1.57,1570
306,39.93,1321,435,10.29,Open,1.57,1570
307,40.074,1137,435,10.29,Open,1.57,1570
308,40.202,1137,435,10.29,Open,1.57,1570
309,40.329,1137,435,10.29,Open,1.57,1570
310,40.473,1076,435,10.29,Open,1.6,1600
311,40.601,1076,435,10.29,Open,1.6,1600
312,40.744,1078,435,10.29,Open,1.55,1550
313,40.872,1078,435,10.29,Open,1.55,1550
314,41,1078,435,10.29,Open,1.55,1550
315,41.127,1080,435,10.29,Open,1.55,1550
316,41.255,1080,435,10.29,Open,1.55,1550
317,41.383,1080,435,10.29,Open,1.55,1550
318,41.51,1078,435,10.29,Open,1.56,1560
319,41.638,1078,435,10.29,Open,1.56,1560
320,41.782,1080,435,10.29,Open,1.56,1560
321,41.925,1080,435,10.29,Open,1.56,1560
322,42.053,1080,435,10.29,Open,1.56,1560
323,42.197,1076,474,10.29,Open,1.71,1710
324,42.324,1076,474,10.29,Open,1.71,1710
325,42.452,1076,474,10.29,Open,1.71,1710
326,42.596,1079,519,10.29,Open,1.97,1970
327,42.723,1079,519,10.29,Open,1.97,1970
328,42.867,1078,526,10.29,Open,1.96,1960
329,42.995,1078,526,10.29,Open,1.96,1960
330,43.122,1078,526,10.29,Open,1.96,1960
331,43.25,1076,526,10.29,Open,1.83,1830
332,43.378,1076,526,10.29,Open,1.83,1830
333,43.506,1076,526,10.29,Open,1.83,1830
334,43.649,1261,526,10.29,Open,1.83,1830
335,43.777,1261,526,10.29,Open,1.83,1830
336,43.905,1319,526,10.29,Open,1.82,1820
337,44.032,1319,526,10.29,Open,1.82,1820
338,44.16,1319,526,10.29,Open,1.82,1820
339,44.287,1497,526,10.29,Open,1.79,1790
340,44.415,1497,526,10.29,Open,1.79,1790
341,44.543,1497,526,10.29,Open,1.79,1790
342,44.686,1615,526,10.29,Open,1.77,1770
343,44.814,1615,526,10.29,Open,1.77,1770
344,44.958,1734,526,10.29,Open,1.76,1760
345,45.101,1734,526,10.29,Open,1.76,1760
346,45.229,1734,526,10.29,Open,1.76,1760
347,45.357,1860,526,10.29,Open,1.8,1800
348,45.485,1860,526,10.29,Open,1.8,1800
349,45.612,1860,526,10.29,Open,1.8,1800
350,45.74,2032,526,10.29,Open,1.73,1730
351,45.867,2032,526,10.29,Open,1.73,1730
352,46.011,2148,526,10.29,Open,1.72,1720
353,46.139,2148,526,10.29,Open,1.72,1720
354,46.266,2148,526,10.29,Open,1.72,1720
355,46.394,2269,526,10.29,Open,1.72,1720
356,46.522,2269,526,10.29,Open,1.72,1720
357,46.65,2269,526,10.29,Open,1.72,1720
358,46.793,2401,526,10.29,Open,1.73,1730
359,46.921,2401,526,10.29,Open,1.73,1730
360,47.064,2505,526,10.29,Open,1.72,1720
361,47.192,2505,526,10.29,Open,1.72,1720
362,47.32,2505,526,10.29,Open,1.72,1720
363,47.463,2695,526,10.29,Open,1.8,1800
364,47.591,2695,526,10.29,Open,1.8,1800
365,47.719,2695,526,10.29,Open,1.8,1800
366,47.862,2806,526,10.29,Open,1.72,1720
367,47.99,2806,526,10.29,Open,1.72,1720
368,48.134,2942,526,10.29,Open,1.72,1720
369,48.277,2942,526,10.29,Open,1.72,1720
370,48.405,2942,526,10.29,Open,1.72,1720
371,48.533,3036,526,10.29,Open,1.71,1710
372,48.66,3036,526,10.29,Open,1.71,1710
373,48.788,3036,526,10.29,Open,1.71,1710
374,48.916,3221,526,10.29,Open,1.71,1710
375,49.044,3221,526,10.29,Open,1.71,1710
376,49.187,3347,526,10.29,Open,1.71,1710
377,49.315,3347,526,10.29,Open,1.71,1710
378,49.442,3347,526,10.29,Open,1.71,1710
379,49.57,3445,526,10.29,Open,1.71,1710
380,49.698,3445,526,10.29,Open,1.71,1710
381,49.826,3445,526,10.29,Open,1.71,1710
382,49.953,3571,526,10.29,Open,1.71,1710
383,50.081,3571,526,10.29,Open,1.71,1710
384,50.224,3745,526,10.29,Open,1.71,1710
385,50.368,3745,526,10.29,Open,1.71,1710
386,50.496,3745,526,10.29,Open,1.71,1710
387,50.624,3898,526,10.29,Open,1.71,1710
388,50.735,3898,526,10.29,Open,1.71,1710
389,50.863,3898,526,10.29,Open,1.71,1710
390,51.006,4013,526,10.29,Open,1.84,1840
391,51.134,4013,526,10.29,Open,1.84,1840
392,51.278,4110,526,10.29,Open,1.84,1840
393,51.406,4110,526,10.29,Open,1.84,1840
394,51.533,4110,526,10.29,Open,1.84,1840
395,51.677,4269,526,10.29,Open,1.92,1920
396,51.805,4269,526,10.29,Open,1.92,1920
397,51.932,4269,526,10.29,Open,1.92,1920
398,52.06,4441,526,10.29,Open,2.44,2440
399,52.188,4441,526,10.29,Open,2.44,2440
400,52.331,4477,526,10.29,Open,2.46,2460
401,52.459,4477,526,10.29,Open,2.46,2460
402,52.587,4477,526,10.29,Open,2.46,2460
403,52.714,4622,526,10.29,Open,2.5,2500
404,52.842,4622,526,10.29,Open,2.5,2500
405,52.97,4622,526,10.29,Open,2.5,2500
406,53.097,4756,526,10.29,Open,2.53,2530
407,53.225,4756,526,10.29,Open,2.53,2530
408,53.353,4815,526,10.29,Open,2.52,2520
409,53.48,4815,526,10.29,Open,2.52,2520
410,53.608,4815,526,10.29,Open,2.52,2520
411,53.751,5069,526,10.29,Open,2.54,2540
412,53.879,5069,526,10.29,Open,2.54,2540
413,54.007,5069,526,10.29,Open,2.54,2540
414,54.135,5112,526,10.29,Open,2.55,2550
415,54.262,5112,526,10.29,Open,2.55,2550
416,54.39,5260,526,10.29,Open,2.55,2550
417,54.534,5260,526,10.29,Open,2.55,2550
418,54.662,5260,526,10.29,Open,2.55,2550
419,54.805,5330,526,10.29,Open,2.53,2530
420,54.933,5330,526,10.29,Open,2.53,2530
421,55.06,5330,526,10.29,Open,2.53,2530
422,55.204,5596,526,10.29,Open,2.51,2510
423,55.332,5596,526,10.29,Open,2.51,2510
424,55.475,5640,526,10.29,Open,2.51,2510
425,55.603,5640,526,10.29,Open,2.51,2510
426,55.731,5640,526,10.29,Open,2.51,2510
427,55.858,5761,526,10.29,Open,2.51,2510
428,55.986,5761,526,10.29,Open,2.51,2510
429,56.114,5761,526,10.29,Open,2.51,2510
430,56.257,5980,526,10.29,Open,2.51,2510
431,56.385,5980,526,10.29,Open,2.51,2510
432,56.513,6022,526,10.29,Open,2.5,2500
433,56.64,6022,526,10.29,Open,2.5,2500
434,56.768,6022,526,10.29,Open,2.5,2500
435,56.896,6182,526,10.29,Open,2.51,2510
436,57.023,6182,526,10.29,Open,2.51,2510
437,57.151,6182,526,10.29,Open,2.51,2510
438,57.279,6351,526,10.29,Open,2.5,2500
439,57.406,6351,526,10.29,Open,2.5,2500
440,57.534,6470,526,10.29,Open,2.5,2500
441,57.662,6470,526,10.29,Open,2.5,2500
442,57.789,6470,526,10.29,Open,2.5,2500
443,57.917,6551,526,10.29,Open,2.51,2510
444,58.045,6551,526,10.29,Open,2.51,2510
445,58.172,6551,526,10.29,Open,2.51,2510
446,58.3,6662,526,10.29,Open,2.5,2500
447,58.428,6662,526,10.29,Open,2.5,2500
448,58.555,6566,526,10.29,Open,2.5,2500
449,58.683,6566,526,10.29,Open,2.5,2500
450,58.811,6566,526,10.29,Open,2.5,2500
451,58.938,6718,526,10.29,Open,2.51,2510
452,59.066,6718,526,10.29,Open,2.51,2510
453,59.194,6718,526,10.29,Open,2.51,2510
454,59.337,6633,532,10.29,Open,2.54,2540
455,59.465,6633,532,10.29,Open,2.54,2540
456,59.593,6666,565,10.29,Open,2.67,2670
457,59.72,6666,565,10.29,Open,2.67,2670
458,59.848,6666,565,10.29,Open,2.67,2670
459,59.992,6747,591,10.29,Open,2.77,2770
460,60.119,6747,591,10.29,Open,2.77,2770
461,60.247,6747,591,10.29,Open,2.77,2770
462,60.391,6579,623,10.29,Open,2.93,2930
463,60.519,6579,623,10.29,Open,2.93,2930
464,60.662,6653,656,10.29,Open,3.09,3090
465,60.79,6653,656,10.29,Open,3.09,3090
466,60.917,6653,656,10.29,Open,3.09,3090
467,61.061,6671,695,10.29,Open,3.27,3270
468,61.189,6671,695,10.29,Open,3.27,3270
469,61.317,6671,695,10.29,Open,3.27,3270
470,61.46,6564,695,10.29,Open,3.26,3260
471,61.588,6564,695,10.29,Open,3.26,3260
472,61.731,6622,695,10.29,Open,3.25,3250
473,61.875,6622,695,10.29,Open,3.25,3250
474,62.003,6622,695,10.29,Open,3.25,3250
475,62.13,6476,695,10.29,Open,3.25,3250
476,62.258,6476,695,10.29,Open,3.25,3250
477,62.386,6476,695,10.29,Open,3.25,3250
478,62.513,6269,695,10.29,Open,3.26,3260
479,62.641,6269,695,10.29,Open,3.26,3260
480,62.785,6104,695,10.29,Open,3.26,3260
481,62.912,6104,695,10.29,Open,3.26,3260
482,63.04,6104,695,10.29,Open,3.26,3260
483,63.184,6066,695,10.29,Open,3.25,3250
484,63.311,6066,695,10.29,Open,3.25,3250
485,63.439,6066,695,10.29,Open,3.25,3250
486,63.567,5879,695,10.29,Open,3.25,3250
487,63.695,5879,695,10.29,Open,3.25,3250
488,63.838,5769,695,10.29,Open,3.25,3250
489,63.966,5769,695,10.29,Open,3.25,3250
490,64.093,5769,695,10.29,Open,3.25,3250
491,64.221,5626,695,10.29,Open,3.25,3250
492,64.349,5626,695,10.29,Open,3.25,3250
493,64.476,5626,695,10.29,Open,3.25,3250
494,64.604,5438,695,10.29,Open,3.24,3240
495,64.732,5438,695,10.29,Open,3.24,3240
496,64.859,5395,695,10.29,Open,3.24,3240
497,64.987,5395,695,10.29,Open,3.24,3240
498,65.115,5395,695,10.29,Open,3.24,3240
499,65.242,5326,695,10.29,Open,3.22,3220
500,65.37,5326,695,10.29,Open,3.22,3220
501,65.498,5326,695,10.29,Open,3.22,3220
502,65.642,5078,695,10.29,Open,3.19,3190
503,65.769,5078,695,10.29,Open,3.19,3190
504,65.913,4973,695,10.29,Open,3.19,3190
505,66.041,4973,695,10.29,Open,3.19,3190
506,66.168,4973,695,10.29,Open,3.19,3190
507,66.312,4852,695,10.29,Open,3.18,3180
508,66.439,4852,695,10.29,Open,3.18,3180
509,66.567,4852,695,10.29,Open,3.18,3180
510,66.695,4636,695,10.29,Open,3.15,3150
511,66.823,4636,695,10.29,Open,3.15,3150
512,66.95,4583,695,10.29,Open,3.14,3140
513,67.078,4583,695,10.29,Open,3.14,3140
514,67.19,4583,695,10.29,Open,3.14,3140
515,67.333,4424,695,10.29,Open,3.08,3080
516,67.461,4424,695,10.29,Open,3.08,3080
517,67.589,4424,695,10.29,Open,3.08,3080
518,67.716,4318,695,10.29,Open,3.07,3070
519,67.844,4318,695,10.29,Open,3.07,3070
520,67.972,4158,695,10.29,Open,3.08,3080
521,68.099,4158,695,10.29,Open,3.08,3080
522,68.227,4158,695,10.29,Open,3.08,3080
523,68.355,4137,695,10.29,Open,2.56,2560
524,68.482,4137,695,10.29,Open,2.56,2560
525,68.61,4137,695,10.29,Open,2.56,2560
526,68.738,3937,695,10.29,Open,2.54,2540
527,68.865,3937,695,10.29,Open,2.54,2540
528,68.993,3885,695,10.29,Open,2.53,2530
529,69.121,3885,695,10.29,Open,2.53,2530
530,69.233,3885,695,10.29,Open,2.53,2530
531,69.376,3710,695,10.29,Open,2.48,2480
532,69.504,3710,695,10.29,Open,2.48,2480
533,69.631,3710,695,10.29,Open,2.48,2480
534,69.775,3611,695,10.29,Open,2.42,2420
535,69.903,3611,695,10.29,Open,2.42,2420
536,70.046,3532,695,10.29,Open,2.4,2400
537,70.174,3532,695,10.29,Open,2.4,2400
538,70.302,3532,695,10.29,Open,2.4,2400
539,70.445,3345,695,10.29,Open,2.38,2380
540,70.573,3345,695,10.29,Open,2.38,2380
541,70.701,3345,695,10.29,Open,2.38,2380
542,70.828,3133,695,10.29,Open,2.33,2330
543,70.956,3133,695,10.29,Open,2.33,2330
544,71.084,3114,695,10.29,Open,2.32,2320
545,71.227,3114,695,10.29,Open,2.32,2320
546,71.355,3114,695,10.29,Open,2.32,2320
547,71.499,2948,695,10.29,Open,2.27,2270
548,71.626,2948,695,10.29,Open,2.27,2270
549,71.754,2948,695,10.29,Open,2.27,2270
550,71.882,2822,695,10.29,Open,2.27,2270
551,72.009,2822,695,10.29,Open,2.27,2270
552,72.137,2769,695,10.29,Open,2.38,2380
553,72.265,2769,695,10.29,Open,2.38,2380
554,72.392,2769,695,10.29,Open,2.38,2380
555,72.52,2575,695,10.29,Open,2.23,2230
556,72.648,2575,695,10.29,Open,2.23,2230
557,72.776,2575,695,10.29,Open,2.23,2230
558,72.919,2469,695,10.29,Open,2.19,2190
559,73.047,2469,695,10.29,Open,2.19,2190
560,73.19,2338,695,10.29,Open,2.26,2260
561,73.318,2338,695,10.29,Open,2.26,2260
562,73.446,2338,695,10.29,Open,2.26,2260
563,73.59,2221,695,10.29,Open,2.1,2100
564,73.717,2221,695,10.29,Open,2.1,2100
565,73.845,2221,695,10.29,Open,2.1,2100
566,73.988,2038,695,10.29,Open,2.09,2090
567,74.116,2038,695,10.29,Open,2.09,2090
568,74.26,1981,695,10.29,Open,2.1,2100
569,74.403,1981,695,10.29,Open,2.1,2100
570,74.531,1981,695,10.29,Open,2.1,2100
571,74.675,1800,695,10.29,Open,2.1,2100
572,74.802,1800,695,10.29,Open,2.1,2100
573,74.931,1800,695,10.29,Open,2.1,2100
574,75.074,1678,695,10.29,Open,2.09,2090
575,75.201,1678,695,10.29,Open,2.09,2090
576,75.329,1554,695,10.29,Open,2.09,2090
577,75.473,1554,695,10.29,Open,2.09,2090
578,75.6,1554,695,10.29,Open,2.09,2090
579,75.744,1378,695,10.29,Open,2.1,2100
580,75.872,1378,695,10.29,Open,2.1,2100
581,75.999,1378,695,10.29,Open,2.1,2100
582,76.143,1260,695,10.29,Open,2.22,2220
583,76.271,1260,695,10.29,Open,2.22,2220
584,76.398,1140,695,10.29,Open,2.11,2110
585,76.542,1140,695,10.29,Open,2.11,2110
586,76.67,1140,695,10.29,Open,2.11,2110
587,76.813,957,695,10.29,Open,2.14,2140
588,76.941,957,695,10.29,Open,2.14,2140
589,77.069,957,695,10.29,Open,2.14,2140
590,77.196,899,695,10.29,Open,2.2,2200
591,77.324,899,695,10.29,Open,2.2,2200
592,77.468,897,695,10.29,Open,2.2,2200
593,77.595,897,695,10.29,Open,2.2,2200
594,77.723,897,695,10.29,Open,2.2,2200
595,77.851,898,695,10.29,Open,2.19,2190
596,77.978,898,695,10.29,Open,2.19,2190
597,78.108,898,695,10.29,Open,2.19,2190
598,78.25,898,714,10.29,Open,2.24,2240
599,78.377,898,714,10.29,Open,2.24,2240
600,78.505,897,733,10.29,Open,2.35,2350
601,78.649,897,733,10.29,Open,2.35,2350
602,78.776,897,733,10.29,Open,2.35,2350
603,78.92,901,779,10.29,Open,2.55,2550
604,79.048,901,779,10.29,Open,2.55,2550
605,79.175,901,779,10.29,Open,2.55,2550
606,79.303,898,811,10.29,Open,2.65,2650
607,79.431,898,811,10.29,Open,2.65,2650
608,79.558,897,824,10.29,Open,2.69,2690
609,79.686,897,824,10.29,Open,2.69,2690
610,79.814,897,824,10.29,Open,2.69,2690
611,79.941,898,824,10.29,Open,2.58,2580
612,80.069,898,824,10.29,Open,2.58,2580
613,80.197,898,824,10.29,Open,2.58,2580
614,80.34,1079,824,10.29,Open,2.6,2600
615,80.469,1079,824,10.29,Open,2.6,2600
616,80.612,1199,824,10.29,Open,2.47,2470
617,80.739,1199,824,10.29,Open,2.47,2470
618,80.867,1199,824,10.29,Open,2.47,2470
619,81.011,1325,824,10.29,Open,2.45,2450
620,81.138,1325,824,10.29,Open,2.45,2450
621,81.266,1325,824,10.29,Open,2.45,2450
622,81.41,1493,824,10.29,Open,2.46,2460
623,81.537,1493,824,10.29,Open,2.46,2460
624,81.665,1561,824,10.29,Open,2.47,2470
625,81.793,1561,824,10.29,Open,2.47,2470
626,81.92,1561,824,10.29,Open,2.47,2470
627,82.064,1735,824,10.29,Open,2.43,2430
628,82.192,1735,824,10.29,Open,2.43,2430
629,82.319,1735,824,10.29,Open,2.43,2430
630,82.447,1852,824,10.29,Open,2.44,2440
631,82.591,1852,824,10.29,Open,2.44,2440
632,82.734,1981,824,10.29,Open,2.45,2450
633,82.862,1981,824,10.29,Open,2.45,2450
634,82.99,1981,824,10.29,Open,2.45,2450
635,83.117,2090,824,10.29,Open,2.43,2430
636,83.245,2090,824,10.29,Open,2.43,2430
637,83.373,2090,824,10.29,Open,2.43,2430
638,83.516,2209,824,10.29,Open,2.43,2430
639,83.644,2209,824,10.29,Open,2.43,2430
640,83.772,2334,824,10.29,Open,2.43,2430
641,83.915,2334,824,10.29,Open,2.43,2430
642,84.043,2334,824,10.29,Open,2.43,2430
643,84.187,2459,824,10.29,Open,2.42,2420
644,84.314,2459,824,10.29,Open,2.42,2420
645,84.442,2459,824,10.29,Open,2.42,2420
646,84.586,2630,824,10.29,Open,2.58,2580
647,84.713,2630,824,10.29,Open,2.58,2580
648,84.857,2770,824,10.29,Open,2.44,2440
649,84.985,2770,824,10.29,Open,2.44,2440
650,85.112,2770,824,10.29,Open,2.44,2440
651,85.24,2853,824,10.29,Open,2.43,2430
652,85.368,2853,824,10.29,Open,2.43,2430
653,85.495,2853,824,10.29,Open,2.43,2430
654,85.639,3051,824,10.29,Open,2.45,2450
655,85.767,3051,824,10.29,Open,2.45,2450
656,85.894,3111,824,10.29,Open,2.44,2440
657,86.022,3111,824,10.29,Open,2.44,2440
658,86.15,3111,824,10.29,Open,2.44,2440
659,86.277,3294,824,10.29,Open,2.45,2450
660,86.405,3294,824,10.29,Open,2.45,2450
661,86.533,3294,824,10.29,Open,2.45,2450
662,86.66,3405,824,10.29,Open,2.6,2600
663,86.788,3405,824,10.29,Open,2.6,2600
664,86.932,3529,824,10.29,Open,2.46,2460
665,87.059,3529,824,10.29,Open,2.46,2460
666,87.187,3529,824,10.29,Open,2.46,2460
667,87.331,3651,824,10.29,Open,2.46,2460
668,87.458,3651,824,10.29,Open,2.46,2460
669,87.586,3651,824,10.29,Open,2.46,2460
670,87.73,3824,824,10.29,Open,2.42,2420
671,87.857,3824,824,10.29,Open,2.42,2420
672,87.985,3866,824,10.29,Open,2.59,2590
673,88.129,3866,824,10.29,Open,2.59,2590
674,88.256,3866,824,10.29,Open,2.59,2590
675,88.4,4048,824,10.29,Open,2.97,2970
676,88.528,4048,824,10.29,Open,2.97,2970
677,88.655,4048,824,10.29,Open,2.97,2970
678,88.783,4255,824,10.29,Open,3.56,3560
679,88.911,4255,824,10.29,Open,3.56,3560
680,89.054,4332,824,10.29,Open,3.54,3540
681,89.182,4332,824,10.29,Open,3.54,3540
682,89.31,4332,824,10.29,Open,3.54,3540
683,89.453,4513,824,10.29,Open,3.56,3560
684,89.582,4513,824,10.29,Open,3.56,3560
685,89.709,4513,824,10.29,Open,3.56,3560
686,89.836,4696,824,10.29,Open,3.6,3600
687,89.964,4696,824,10.29,Open,3.6,3600
688,90.092,4761,824,10.29,Open,3.6,3600
689,90.235,4761,824,10.29,Open,3.6,3600
690,90.363,4761,824,10.29,Open,3.6,3600
691,90.507,4880,824,10.29,Open,3.65,3650
692,90.634,4880,824,10.29,Open,3.65,3650
693,90.762,4880,824,10.29,Open,3.65,3650
694,90.89,5036,824,10.29,Open,3.66,3660
695,91.017,5036,824,10.29,Open,3.66,3660
696,91.145,5125,824,10.29,Open,3.68,3680
697,91.273,5125,824,10.29,Open,3.68,3680
698,91.4,5125,824,10.29,Open,3.68,3680
699,91.545,5235,824,10.29,Open,3.69,3690
700,91.672,5235,824,10.29,Open,3.69,3690
701,91.8,5235,824,10.29,Open,3.69,3690
702,91.927,5408,824,10.29,Open,3.63,3630
703,92.055,5408,824,10.29,Open,3.63,3630
704,92.198,5536,824,10.29,Open,3.58,3580
705,92.326,5536,824,10.29,Open,3.58,3580
706,92.454,5536,824,10.29,Open,3.58,3580
707,92.597,5730,824,10.29,Open,3.57,3570
708,92.725,5730,824,10.29,Open,3.57,3570
709,92.853,5730,824,10.29,Open,3.57,3570
710,92.98,5797,824,10.29,Open,3.57,3570
711,93.108,5797,824,10.29,Open,3.57,3570
712,93.236,5892,824,10.29,Open,3.57,3570
713,93.379,5892,824,10.29,Open,3.57,3570
714,93.507,5892,824,10.29,Open,3.57,3570
715,93.651,6089,824,10.29,Open,3.57,3570
716,93.778,6089,824,10.29,Open,3.57,3570
717,93.906,6089,824,10.29,Open,3.57,3570
718,94.034,6237,824,10.29,Open,3.57,3570
719,94.162,6237,824,10.29,Open,3.57,3570
720,94.289,6271,824,10.29,Open,3.56,3560
721,94.433,6271,824,10.29,Open,3.56,3560
722,94.56,6271,824,10.29,Open,3.56,3560
723,94.688,6464,824,10.29,Open,3.57,3570
724,94.816,6464,824,10.29,Open,3.57,3570
725,94.943,6464,824,10.29,Open,3.57,3570
726,95.071,6546,824,10.29,Open,3.56,3560
727,95.199,6546,824,10.29,Open,3.56,3560
728,95.342,6583,824,10.29,Open,3.57,3570
729,95.47,6583,824,10.29,Open,3.57,3570
730,95.598,6583,824,10.29,Open,3.57,3570
731,95.741,6660,831,10.29,Open,3.61,3610
732,95.869,6660,831,10.29,Open,3.61,3610
733,95.997,6660,831,10.29,Open,3.61,3610
734,96.14,6666,844,10.29,Open,3.64,3640
735,96.268,6666,844,10.29,Open,3.64,3640
736,96.412,6673,863,10.29,Open,3.72,3720
737,96.54,6673,863,10.29,Open,3.72,3720
738,96.667,6673,863,10.29,Open,3.72,3720
739,96.795,6627,902,10.29,Open,3.86,3860
740,96.922,6627,902,10.29,Open,3.86,3860
741,97.05,6627,902,10.29,Open,3.86,3860
742,97.178,6655,934,10.29,Open,3.96,3960
743,97.306,6655,934,10.29,Open,3.96,3960
744,97.433,6609,934,10.29,Open,3.97,3970
745,97.577,6609,934,10.29,Open,3.97,3970
746,97.705,6609,934,10.29,Open,3.97,3970
747,97.832,6559,934,10.29,Open,3.97,3970
748,97.96,6559,934,10.29,Open,3.97,3970
749,98.088,6559,934,10.29,Open,3.97,3970
750,98.215,6702,960,10.29,Open,4.06,4060
751,98.343,6702,960,10.29,Open,4.06,4060
752,98.471,6685,980,10.29,Open,4.13,4130
753,98.614,6685,980,10.29,Open,4.13,4130
754,98.742,6685,980,10.29,Open,4.13,4130
755,98.87,6671,980,10.29,Open,4.13,4130
756,98.997,6671,980,10.29,Open,4.13,4130
757,99.125,6671,980,10.29,Open,4.13,4130
758,99.268,6642,980,10.29,Open,4.13,4130
759,99.397,6642,980,10.29,Open,4.13,4130
760,99.54,6662,980,10.29,Open,4.13,4130
761,99.668,6662,980,10.29,Open,4.13,4130
762,99.795,6662,980,10.29,Open,4.13,4130
763,99.939,6627,980,10.29,Open,4.13,4130
764,100.067,6627,980,10.29,Open,4.13,4130
765,100.194,6627,980,10.29,Open,4.13,4130
766,100.322,6462,980,10.29,Open,4.12,4120
767,100.449,6462,980,10.29,Open,4.12,4120
768,100.593,6482,980,10.29,Open,4.13,4130
769,100.737,6482,980,10.29,Open,4.13,4130
770,100.865,6482,980,10.29,Open,4.13,4130
771,100.992,6371,980,10.29,Open,4.13,4130
772,101.12,6371,980,10.29,Open,4.13,4130
773,101.248,6371,980,10.29,Open,4.13,4130
774,101.392,6165,980,10.29,Open,4.13,4130
775,101.519,6165,980,10.29,Open,4.13,4130
776,101.663,6022,980,10.29,Open,4.13,4130
777,101.79,6022,980,10.29,Open,4.13,4130
778,101.918,6022,980,10.29,Open,4.13,4130
779,102.061,5916,980,10.29,Open,4.13,4130
780,102.189,5916,980,10.29,Open,4.13,4130
781,102.317,5916,980,10.29,Open,4.13,4130
782,102.444,5656,980,10.29,Open,4.12,4120
783,102.572,5656,980,10.29,Open,4.12,4120
784,102.7,5623,980,10.29,Open,4.12,4120
785,102.844,5623,980,10.29,Open,4.12,4120
786,102.971,5623,980,10.29,Open,4.12,4120
787,103.115,5410,980,10.29,Open,4.14,4140
788,103.243,5410,980,10.29,Open,4.14,4140
789,103.37,5410,980,10.29,Open,4.14,4140
790,103.498,5326,980,10.29,Open,4.25,4250
791,103.626,5326,980,10.29,Open,4.25,4250
792,103.753,5204,980,10.29,Open,4.32,4320
793,103.881,5204,980,10.29,Open,4.32,4320
794,104.009,5204,980,10.29,Open,4.32,4320
795,104.152,5122,980,10.29,Open,4.36,4360
796,104.28,5122,980,10.29,Open,4.36,4360
797,104.408,5122,980,10.29,Open,4.36,4360
798,104.535,4894,980,10.29,Open,4.32,4320
799,104.663,4894,980,10.29,Open,4.32,4320
800,104.807,4822,980,10.29,Open,4.3,4300
801,104.934,4822,980,10.29,Open,4.3,4300
802,105.062,4822,980,10.29,Open,4.3,4300
803,105.206,4630,980,10.29,Open,4.27,4270
804,105.333,4630,980,10.29,Open,4.27,4270
805,105.461,4630,980,10.29,Open,4.27,4270
806,105.589,4584,980,10.29,Open,4.21,4210
807,105.716,4584,980,10.29,Open,4.21,4210
808,105.844,4514,980,10.29,Open,4.19,4190
809,105.988,4514,980,10.29,Open,4.19,4190
810,106.115,4514,980,10.29,Open,4.19,4190
811,106.259,4375,980,10.29,Open,4.16,4160
812,106.387,4375,980,10.29,Open,4.16,4160
813,106.514,4375,980,10.29,Open,4.16,4160
814,106.658,4176,980,10.29,Open,4.17,4170
815,106.786,4176,980,10.29,Open,4.17,4170
816,106.929,4063,980,10.29,Open,4.17,4170
817,107.057,4063,980,10.29,Open,4.17,4170
818,107.185,4063,980,10.29,Open,4.17,4170
819,107.312,3993,980,10.29,Open,4.19,4190
820,107.44,3993,980,10.29,Open,4.19,4190
821,107.568,3993,980,10.29,Open,4.19,4190
822,107.711,3744,980,10.29,Open,4.18,4180
823,107.839,3744,980,10.29,Open,4.18,4180
824,107.967,3701,980,10.29,Open,4.18,4180
825,108.094,3701,980,10.29,Open,4.18,4180
826,108.222,3701,980,10.29,Open,4.18,4180
827,108.35,3552,980,10.29,Open,4.18,4180
828,108.477,3552,980,10.29,Open,4.18,4180
829,108.605,3552,980,10.29,Open,4.18,4180
830,108.749,3412,980,10.29,Open,4.2,4200
831,108.876,3412,980,10.29,Open,4.2,4200
832,109.02,3288,980,10.29,Open,4.23,4230
833,109.164,3288,980,10.29,Open,4.23,4230
834,109.291,3288,980,10.29,Open,4.23,4230
835,109.435,3193,980,10.29,Open,4.25,4250
836,109.563,3193,980,10.29,Open,4.25,4250
837,109.691,3193,980,10.29,Open,4.25,4250
838,109.834,2992,980,10.29,Open,4.24,4240
839,109.962,2992,980,10.29,Open,4.24,4240
840,110.105,2870,980,10.29,Open,4.23,4230
841,110.233,2870,980,10.29,Open,4.23,4230
842,110.361,2870,980,10.29,Open,4.23,4230
843,110.504,2776,980,10.29,Open,4.21,4210
844,110.632,2776,980,10.29,Open,4.21,4210
845,110.76,2776,980,10.29,Open,4.21,4210
846,110.887,2625,980,10.29,Open,4.19,4190
847,111.015,2625,980,10.29,Open,4.19,4190
848,111.143,2519,980,10.29,Open,4.16,4160
849,111.286,2519,980,10.29,Open,4.16,4160
850,111.414,2519,980,10.29,Open,4.16,4160
851,111.542,2342,980,10.29,Open,4.14,4140
852,111.653,2342,980,10.29,Open,4.14,4140
853,111.781,2342,980,10.29,Open,4.14,4140
854,111.925,2220,980,10.29,Open,4.12,4120
855,112.052,2220,980,10.29,Open,4.12,4120
856,112.196,2101,980,10.29,Open,4.1,4100
857,112.324,2101,980,10.29,Open,4.1,4100
858,112.451,2101,980,10.29,Open,4.1,4100
859,112.595,1970,980,10.29,Open,4.1,4100
860,112.723,1970,980,10.29,Open,4.1,4100
861,112.85,1970,980,10.29,Open,4.1,4100
862,112.994,1794,980,10.29,Open,4.13,4130
863,113.122,1794,980,10.29,Open,4.13,4130
864,113.249,1733,980,10.29,Open,4.14,4140
865,113.377,1733,980,10.29,Open,4.14,4140
866,113.505,1733,980,10.29,Open,4.14,4140
867,113.632,1560,980,10.29,Open,4.15,4150
868,113.76,1560,980,10.29,Open,4.15,4150
869,113.888,1560,980,10.29,Open,4.15,4150
870,114.031,1440,980,10.29,Open,4.13,4130
871,114.159,1440,980,10.29,Open,4.13,4130
872,114.287,1315,980,10.29,Open,4.11,4110
873,114.43,1315,980,10.29,Open,4.11,4110
874,114.558,1315,980,10.29,Open,4.11,4110
875,114.702,1198,980,10.29,Open,4.07,4070
876,114.829,1198,980,10.29,Open,4.07,4070
877,114.957,1198,980,10.29,Open,4.07,4070
878,115.101,1016,980,10.29,Open,4.02,4020
879,115.228,1016,980,10.29,Open,4.02,4020
880,115.372,959,980,10.29,Open,4.04,4040
881,115.5,959,980,10.29,Open,4.04,4040
882,115.627,959,980,10.29,Open,4.04,4040
883,115.755,958,980,10.29,Open,4.03,4030
884,115.883,958,980,10.29,Open,4.03,4030
885,116.01,958,980,10.29,Open,4.03,4030
886,116.154,956,980,10.29,Open,4.03,4030
887,116.282,956,980,10.29,Open,4.03,4030
888,116.41,958,980,10.29,Open,4.04,4040
889,116.553,958,980,10.29,Open,4.04,4040
890,116.681,958,980,10.29,Open,4.04,4040
891,116.824,959,980,10.29,Open,4.04,4040
892,116.952,959,980,10.29,Open,4.04,4040
893,117.08,959,980,10.29,Open,4.04,4040
894,117.207,959,980,10.29,Open,4.03,4030
895,117.335,959,980,10.29,Open,4.03,4030
896,117.463,959,980,10.29,Open,4.04,4040
897,117.606,959,980,10.29,Open,4.04,4040
898,117.734,959,980,10.29,Open,4.04,4040
899,117.862,957,980,10.29,Open,4.03,4030
900,117.989,957,980,10.29,Open,4.03,4030
901,118.117,957,980,10.29,Open,4.03,4030
902,118.245,958,980,10.29,Open,4.03,4030
903,118.373,958,980,10.29,Open,4.03,4030
904,118.516,956,980,10.29,Open,4.03,4030
905,118.644,956,980,10.29,Open,4.03,4030
906,118.771,956,980,10.29,Open,4.03,4030
907,118.899,956,980,10.29,Open,4.03,4030
908,119.043,956,980,10.29,Open,4.03,4030
909,119.17,956,980,10.29,Open,4.03,4030
910,119.298,957,980,10.29,Open,4.03,4030
911,119.426,957,980,10.29,Open,4.03,4030
912,119.553,960,980,10.29,Open,4.04,4040
913,119.681,960,980,10.29,Open,4.04,4040
914,119.809,960,980,10.29,Open,4.04,4040
915,119.936,960,980,10.29,Open,4.03,4030
916,120.064,960,980,10.29,Open,4.03,4030
917,120.192,960,980,10.29,Open,4.03,4030
918,120.319,959,980,10.29,Open,4.03,4030
